"year","block","treat","dist_m","size_mm","depth_m","count"
1996,"B1","C",1,"2-5",0.2,4
1996,"B1","C",1,"2-5",0.4,0
1996,"B1","C",1,"2-5",0.6,0
1996,"B1","C",1,"2-5",0.8,0
1996,"B1","C",1,"2-5",1,0
1996,"B1","C",2,"2-5",0.2,0
1996,"B1","C",2,"2-5",0.4,0
1996,"B1","C",2,"2-5",0.6,0
1996,"B1","C",2,"2-5",0.8,0
1996,"B1","C",2,"2-5",1,0
1996,"B1","C",3,"2-5",0.2,0
1996,"B1","C",3,"2-5",0.4,0
1996,"B1","C",3,"2-5",0.6,0
1996,"B1","C",3,"2-5",0.8,0
1996,"B1","C",3,"2-5",1,0
1996,"B1","C",4,"2-5",0.2,0
1996,"B1","C",4,"2-5",0.4,0
1996,"B1","C",4,"2-5",0.6,0
1996,"B1","C",4,"2-5",0.8,0
1996,"B1","C",4,"2-5",1,0
1996,"B1","C",5,"2-5",0.2,0
1996,"B1","C",5,"2-5",0.4,0
1996,"B1","C",5,"2-5",0.6,0
1996,"B1","C",5,"2-5",0.8,0
1996,"B1","C",5,"2-5",1,0
1996,"B1","C",1,"5-10",0.2,2
1996,"B1","C",1,"5-10",0.4,0
1996,"B1","C",1,"5-10",0.6,0
1996,"B1","C",1,"5-10",0.8,0
1996,"B1","C",1,"5-10",1,0
1996,"B1","C",2,"5-10",0.2,0
1996,"B1","C",2,"5-10",0.4,0
1996,"B1","C",2,"5-10",0.6,0
1996,"B1","C",2,"5-10",0.8,0
1996,"B1","C",2,"5-10",1,0
1996,"B1","C",3,"5-10",0.2,0
1996,"B1","C",3,"5-10",0.4,0
1996,"B1","C",3,"5-10",0.6,0
1996,"B1","C",3,"5-10",0.8,0
1996,"B1","C",3,"5-10",1,0
1996,"B1","C",4,"5-10",0.2,0
1996,"B1","C",4,"5-10",0.4,0
1996,"B1","C",4,"5-10",0.6,0
1996,"B1","C",4,"5-10",0.8,0
1996,"B1","C",4,"5-10",1,0
1996,"B1","C",5,"5-10",0.2,0
1996,"B1","C",5,"5-10",0.4,0
1996,"B1","C",5,"5-10",0.6,0
1996,"B1","C",5,"5-10",0.8,0
1996,"B1","C",5,"5-10",1,0
1996,"B1","C",1,"10-20",0.2,0
1996,"B1","C",1,"10-20",0.4,0
1996,"B1","C",1,"10-20",0.6,0
1996,"B1","C",1,"10-20",0.8,0
1996,"B1","C",1,"10-20",1,0
1996,"B1","C",2,"10-20",0.2,0
1996,"B1","C",2,"10-20",0.4,0
1996,"B1","C",2,"10-20",0.6,0
1996,"B1","C",2,"10-20",0.8,0
1996,"B1","C",2,"10-20",1,0
1996,"B1","C",3,"10-20",0.2,0
1996,"B1","C",3,"10-20",0.4,0
1996,"B1","C",3,"10-20",0.6,0
1996,"B1","C",3,"10-20",0.8,0
1996,"B1","C",3,"10-20",1,0
1996,"B1","C",4,"10-20",0.2,0
1996,"B1","C",4,"10-20",0.4,0
1996,"B1","C",4,"10-20",0.6,0
1996,"B1","C",4,"10-20",0.8,0
1996,"B1","C",4,"10-20",1,0
1996,"B1","C",5,"10-20",0.2,0
1996,"B1","C",5,"10-20",0.4,0
1996,"B1","C",5,"10-20",0.6,0
1996,"B1","C",5,"10-20",0.8,0
1996,"B1","C",5,"10-20",1,0
1996,"B2","C",1,"2-5",0.2,6
1996,"B2","C",1,"2-5",0.4,6
1996,"B2","C",1,"2-5",0.6,18
1996,"B2","C",1,"2-5",0.8,7
1996,"B2","C",1,"2-5",1,0
1996,"B2","C",2,"2-5",0.2,0
1996,"B2","C",2,"2-5",0.4,1
1996,"B2","C",2,"2-5",0.6,0
1996,"B2","C",2,"2-5",0.8,1
1996,"B2","C",2,"2-5",1,0
1996,"B2","C",3,"2-5",0.2,0
1996,"B2","C",3,"2-5",0.4,0
1996,"B2","C",3,"2-5",0.6,0
1996,"B2","C",3,"2-5",0.8,0
1996,"B2","C",3,"2-5",1,0
1996,"B2","C",4,"2-5",0.2,0
1996,"B2","C",4,"2-5",0.4,0
1996,"B2","C",4,"2-5",0.6,0
1996,"B2","C",4,"2-5",0.8,0
1996,"B2","C",4,"2-5",1,0
1996,"B2","C",5,"2-5",0.2,0
1996,"B2","C",5,"2-5",0.4,0
1996,"B2","C",5,"2-5",0.6,0
1996,"B2","C",5,"2-5",0.8,0
1996,"B2","C",5,"2-5",1,0
1996,"B2","C",1,"5-10",0.2,3
1996,"B2","C",1,"5-10",0.4,3
1996,"B2","C",1,"5-10",0.6,1
1996,"B2","C",1,"5-10",0.8,1
1996,"B2","C",1,"5-10",1,1
1996,"B2","C",2,"5-10",0.2,0
1996,"B2","C",2,"5-10",0.4,0
1996,"B2","C",2,"5-10",0.6,0
1996,"B2","C",2,"5-10",0.8,0
1996,"B2","C",2,"5-10",1,0
1996,"B2","C",3,"5-10",0.2,0
1996,"B2","C",3,"5-10",0.4,0
1996,"B2","C",3,"5-10",0.6,0
1996,"B2","C",3,"5-10",0.8,0
1996,"B2","C",3,"5-10",1,0
1996,"B2","C",4,"5-10",0.2,0
1996,"B2","C",4,"5-10",0.4,0
1996,"B2","C",4,"5-10",0.6,0
1996,"B2","C",4,"5-10",0.8,0
1996,"B2","C",4,"5-10",1,0
1996,"B2","C",5,"5-10",0.2,0
1996,"B2","C",5,"5-10",0.4,0
1996,"B2","C",5,"5-10",0.6,0
1996,"B2","C",5,"5-10",0.8,0
1996,"B2","C",5,"5-10",1,0
1996,"B2","C",1,"10-20",0.2,0
1996,"B2","C",1,"10-20",0.4,2
1996,"B2","C",1,"10-20",0.6,5
1996,"B2","C",1,"10-20",0.8,1
1996,"B2","C",1,"10-20",1,0
1996,"B2","C",2,"10-20",0.2,0
1996,"B2","C",2,"10-20",0.4,0
1996,"B2","C",2,"10-20",0.6,0
1996,"B2","C",2,"10-20",0.8,0
1996,"B2","C",2,"10-20",1,0
1996,"B2","C",3,"10-20",0.2,0
1996,"B2","C",3,"10-20",0.4,0
1996,"B2","C",3,"10-20",0.6,0
1996,"B2","C",3,"10-20",0.8,0
1996,"B2","C",3,"10-20",1,0
1996,"B2","C",4,"10-20",0.2,0
1996,"B2","C",4,"10-20",0.4,0
1996,"B2","C",4,"10-20",0.6,0
1996,"B2","C",4,"10-20",0.8,0
1996,"B2","C",4,"10-20",1,0
1996,"B2","C",5,"10-20",0.2,0
1996,"B2","C",5,"10-20",0.4,0
1996,"B2","C",5,"10-20",0.6,0
1996,"B2","C",5,"10-20",0.8,0
1996,"B2","C",5,"10-20",1,0
1996,"B3","C",1,"2-5",0.2,0
1996,"B3","C",1,"2-5",0.4,1
1996,"B3","C",1,"2-5",0.6,3
1996,"B3","C",1,"2-5",0.8,0
1996,"B3","C",1,"2-5",1,0
1996,"B3","C",2,"2-5",0.2,0
1996,"B3","C",2,"2-5",0.4,0
1996,"B3","C",2,"2-5",0.6,0
1996,"B3","C",2,"2-5",0.8,0
1996,"B3","C",2,"2-5",1,0
1996,"B3","C",3,"2-5",0.2,0
1996,"B3","C",3,"2-5",0.4,0
1996,"B3","C",3,"2-5",0.6,0
1996,"B3","C",3,"2-5",0.8,0
1996,"B3","C",3,"2-5",1,0
1996,"B3","C",4,"2-5",0.2,0
1996,"B3","C",4,"2-5",0.4,0
1996,"B3","C",4,"2-5",0.6,0
1996,"B3","C",4,"2-5",0.8,0
1996,"B3","C",4,"2-5",1,0
1996,"B3","C",5,"2-5",0.2,0
1996,"B3","C",5,"2-5",0.4,0
1996,"B3","C",5,"2-5",0.6,0
1996,"B3","C",5,"2-5",0.8,0
1996,"B3","C",5,"2-5",1,0
1996,"B3","C",1,"5-10",0.2,0
1996,"B3","C",1,"5-10",0.4,1
1996,"B3","C",1,"5-10",0.6,1
1996,"B3","C",1,"5-10",0.8,5
1996,"B3","C",1,"5-10",1,0
1996,"B3","C",2,"5-10",0.2,0
1996,"B3","C",2,"5-10",0.4,0
1996,"B3","C",2,"5-10",0.6,0
1996,"B3","C",2,"5-10",0.8,0
1996,"B3","C",2,"5-10",1,0
1996,"B3","C",3,"5-10",0.2,0
1996,"B3","C",3,"5-10",0.4,0
1996,"B3","C",3,"5-10",0.6,0
1996,"B3","C",3,"5-10",0.8,0
1996,"B3","C",3,"5-10",1,0
1996,"B3","C",4,"5-10",0.2,0
1996,"B3","C",4,"5-10",0.4,0
1996,"B3","C",4,"5-10",0.6,0
1996,"B3","C",4,"5-10",0.8,0
1996,"B3","C",4,"5-10",1,0
1996,"B3","C",5,"5-10",0.2,0
1996,"B3","C",5,"5-10",0.4,0
1996,"B3","C",5,"5-10",0.6,0
1996,"B3","C",5,"5-10",0.8,0
1996,"B3","C",5,"5-10",1,0
1996,"B3","C",1,"10-20",0.2,0
1996,"B3","C",1,"10-20",0.4,2
1996,"B3","C",1,"10-20",0.6,13
1996,"B3","C",1,"10-20",0.8,1
1996,"B3","C",1,"10-20",1,0
1996,"B3","C",2,"10-20",0.2,0
1996,"B3","C",2,"10-20",0.4,0
1996,"B3","C",2,"10-20",0.6,0
1996,"B3","C",2,"10-20",0.8,0
1996,"B3","C",2,"10-20",1,0
1996,"B3","C",3,"10-20",0.2,0
1996,"B3","C",3,"10-20",0.4,0
1996,"B3","C",3,"10-20",0.6,0
1996,"B3","C",3,"10-20",0.8,0
1996,"B3","C",3,"10-20",1,0
1996,"B3","C",4,"10-20",0.2,0
1996,"B3","C",4,"10-20",0.4,0
1996,"B3","C",4,"10-20",0.6,0
1996,"B3","C",4,"10-20",0.8,0
1996,"B3","C",4,"10-20",1,0
1996,"B3","C",5,"10-20",0.2,0
1996,"B3","C",5,"10-20",0.4,0
1996,"B3","C",5,"10-20",0.6,0
1996,"B3","C",5,"10-20",0.8,0
1996,"B3","C",5,"10-20",1,0
1996,"B1","F",1,"2-5",0.2,9
1996,"B1","F",1,"2-5",0.4,5
1996,"B1","F",1,"2-5",0.6,4
1996,"B1","F",1,"2-5",0.8,0
1996,"B1","F",1,"2-5",1,1
1996,"B1","F",2,"2-5",0.2,0
1996,"B1","F",2,"2-5",0.4,0
1996,"B1","F",2,"2-5",0.6,3
1996,"B1","F",2,"2-5",0.8,0
1996,"B1","F",2,"2-5",1,0
1996,"B1","F",3,"2-5",0.2,0
1996,"B1","F",3,"2-5",0.4,0
1996,"B1","F",3,"2-5",0.6,0
1996,"B1","F",3,"2-5",0.8,0
1996,"B1","F",3,"2-5",1,0
1996,"B1","F",4,"2-5",0.2,0
1996,"B1","F",4,"2-5",0.4,2
1996,"B1","F",4,"2-5",0.6,0
1996,"B1","F",4,"2-5",0.8,0
1996,"B1","F",4,"2-5",1,0
1996,"B1","F",5,"2-5",0.2,0
1996,"B1","F",5,"2-5",0.4,0
1996,"B1","F",5,"2-5",0.6,0
1996,"B1","F",5,"2-5",0.8,0
1996,"B1","F",5,"2-5",1,0
1996,"B1","F",1,"5-10",0.2,1
1996,"B1","F",1,"5-10",0.4,1
1996,"B1","F",1,"5-10",0.6,1
1996,"B1","F",1,"5-10",0.8,0
1996,"B1","F",1,"5-10",1,0
1996,"B1","F",2,"5-10",0.2,0
1996,"B1","F",2,"5-10",0.4,0
1996,"B1","F",2,"5-10",0.6,0
1996,"B1","F",2,"5-10",0.8,0
1996,"B1","F",2,"5-10",1,0
1996,"B1","F",3,"5-10",0.2,0
1996,"B1","F",3,"5-10",0.4,0
1996,"B1","F",3,"5-10",0.6,0
1996,"B1","F",3,"5-10",0.8,0
1996,"B1","F",3,"5-10",1,0
1996,"B1","F",4,"5-10",0.2,0
1996,"B1","F",4,"5-10",0.4,0
1996,"B1","F",4,"5-10",0.6,0
1996,"B1","F",4,"5-10",0.8,0
1996,"B1","F",4,"5-10",1,0
1996,"B1","F",5,"5-10",0.2,0
1996,"B1","F",5,"5-10",0.4,0
1996,"B1","F",5,"5-10",0.6,0
1996,"B1","F",5,"5-10",0.8,0
1996,"B1","F",5,"5-10",1,0
1996,"B1","F",1,"10-20",0.2,5
1996,"B1","F",1,"10-20",0.4,1
1996,"B1","F",1,"10-20",0.6,0
1996,"B1","F",1,"10-20",0.8,0
1996,"B1","F",1,"10-20",1,0
1996,"B1","F",2,"10-20",0.2,0
1996,"B1","F",2,"10-20",0.4,0
1996,"B1","F",2,"10-20",0.6,3
1996,"B1","F",2,"10-20",0.8,0
1996,"B1","F",2,"10-20",1,0
1996,"B1","F",3,"10-20",0.2,0
1996,"B1","F",3,"10-20",0.4,0
1996,"B1","F",3,"10-20",0.6,0
1996,"B1","F",3,"10-20",0.8,0
1996,"B1","F",3,"10-20",1,0
1996,"B1","F",4,"10-20",0.2,0
1996,"B1","F",4,"10-20",0.4,0
1996,"B1","F",4,"10-20",0.6,0
1996,"B1","F",4,"10-20",0.8,0
1996,"B1","F",4,"10-20",1,0
1996,"B1","F",5,"10-20",0.2,0
1996,"B1","F",5,"10-20",0.4,0
1996,"B1","F",5,"10-20",0.6,0
1996,"B1","F",5,"10-20",0.8,0
1996,"B1","F",5,"10-20",1,0
1996,"B2","F",1,"2-5",0.2,12
1996,"B2","F",1,"2-5",0.4,3
1996,"B2","F",1,"2-5",0.6,3
1996,"B2","F",1,"2-5",0.8,2
1996,"B2","F",1,"2-5",1,1
1996,"B2","F",2,"2-5",0.2,0
1996,"B2","F",2,"2-5",0.4,1
1996,"B2","F",2,"2-5",0.6,0
1996,"B2","F",2,"2-5",0.8,1
1996,"B2","F",2,"2-5",1,0
1996,"B2","F",3,"2-5",0.2,0
1996,"B2","F",3,"2-5",0.4,1
1996,"B2","F",3,"2-5",0.6,1
1996,"B2","F",3,"2-5",0.8,2
1996,"B2","F",3,"2-5",1,6
1996,"B2","F",4,"2-5",0.2,0
1996,"B2","F",4,"2-5",0.4,4
1996,"B2","F",4,"2-5",0.6,0
1996,"B2","F",4,"2-5",0.8,1
1996,"B2","F",4,"2-5",1,0
1996,"B2","F",5,"2-5",0.2,0
1996,"B2","F",5,"2-5",0.4,0
1996,"B2","F",5,"2-5",0.6,0
1996,"B2","F",5,"2-5",0.8,0
1996,"B2","F",5,"2-5",1,0
1996,"B2","F",1,"5-10",0.2,1
1996,"B2","F",1,"5-10",0.4,4
1996,"B2","F",1,"5-10",0.6,0
1996,"B2","F",1,"5-10",0.8,0
1996,"B2","F",1,"5-10",1,0
1996,"B2","F",2,"5-10",0.2,0
1996,"B2","F",2,"5-10",0.4,2
1996,"B2","F",2,"5-10",0.6,1
1996,"B2","F",2,"5-10",0.8,3
1996,"B2","F",2,"5-10",1,1
1996,"B2","F",3,"5-10",0.2,0
1996,"B2","F",3,"5-10",0.4,0
1996,"B2","F",3,"5-10",0.6,0
1996,"B2","F",3,"5-10",0.8,5
1996,"B2","F",3,"5-10",1,2
1996,"B2","F",4,"5-10",0.2,0
1996,"B2","F",4,"5-10",0.4,0
1996,"B2","F",4,"5-10",0.6,0
1996,"B2","F",4,"5-10",0.8,0
1996,"B2","F",4,"5-10",1,0
1996,"B2","F",5,"5-10",0.2,0
1996,"B2","F",5,"5-10",0.4,0
1996,"B2","F",5,"5-10",0.6,0
1996,"B2","F",5,"5-10",0.8,0
1996,"B2","F",5,"5-10",1,0
1996,"B2","F",1,"10-20",0.2,5
1996,"B2","F",1,"10-20",0.4,4
1996,"B2","F",1,"10-20",0.6,1
1996,"B2","F",1,"10-20",0.8,1
1996,"B2","F",1,"10-20",1,0
1996,"B2","F",2,"10-20",0.2,0
1996,"B2","F",2,"10-20",0.4,0
1996,"B2","F",2,"10-20",0.6,0
1996,"B2","F",2,"10-20",0.8,0
1996,"B2","F",2,"10-20",1,0
1996,"B2","F",3,"10-20",0.2,0
1996,"B2","F",3,"10-20",0.4,0
1996,"B2","F",3,"10-20",0.6,0
1996,"B2","F",3,"10-20",0.8,2
1996,"B2","F",3,"10-20",1,1
1996,"B2","F",4,"10-20",0.2,0
1996,"B2","F",4,"10-20",0.4,0
1996,"B2","F",4,"10-20",0.6,0
1996,"B2","F",4,"10-20",0.8,4
1996,"B2","F",4,"10-20",1,0
1996,"B2","F",5,"10-20",0.2,0
1996,"B2","F",5,"10-20",0.4,0
1996,"B2","F",5,"10-20",0.6,0
1996,"B2","F",5,"10-20",0.8,0
1996,"B2","F",5,"10-20",1,0
1996,"B3","F",1,"2-5",0.2,0
1996,"B3","F",1,"2-5",0.4,3
1996,"B3","F",1,"2-5",0.6,0
1996,"B3","F",1,"2-5",0.8,0
1996,"B3","F",1,"2-5",1,0
1996,"B3","F",2,"2-5",0.2,1
1996,"B3","F",2,"2-5",0.4,3
1996,"B3","F",2,"2-5",0.6,3
1996,"B3","F",2,"2-5",0.8,2
1996,"B3","F",2,"2-5",1,0
1996,"B3","F",3,"2-5",0.2,1
1996,"B3","F",3,"2-5",0.4,2
1996,"B3","F",3,"2-5",0.6,1
1996,"B3","F",3,"2-5",0.8,0
1996,"B3","F",3,"2-5",1,2
1996,"B3","F",4,"2-5",0.2,0
1996,"B3","F",4,"2-5",0.4,2
1996,"B3","F",4,"2-5",0.6,1
1996,"B3","F",4,"2-5",0.8,0
1996,"B3","F",4,"2-5",1,1
1996,"B3","F",5,"2-5",0.2,0
1996,"B3","F",5,"2-5",0.4,0
1996,"B3","F",5,"2-5",0.6,1
1996,"B3","F",5,"2-5",0.8,0
1996,"B3","F",5,"2-5",1,0
1996,"B3","F",1,"5-10",0.2,0
1996,"B3","F",1,"5-10",0.4,2
1996,"B3","F",1,"5-10",0.6,3
1996,"B3","F",1,"5-10",0.8,9
1996,"B3","F",1,"5-10",1,0
1996,"B3","F",2,"5-10",0.2,1
1996,"B3","F",2,"5-10",0.4,0
1996,"B3","F",2,"5-10",0.6,2
1996,"B3","F",2,"5-10",0.8,0
1996,"B3","F",2,"5-10",1,1
1996,"B3","F",3,"5-10",0.2,0
1996,"B3","F",3,"5-10",0.4,3
1996,"B3","F",3,"5-10",0.6,0
1996,"B3","F",3,"5-10",0.8,0
1996,"B3","F",3,"5-10",1,0
1996,"B3","F",4,"5-10",0.2,0
1996,"B3","F",4,"5-10",0.4,1
1996,"B3","F",4,"5-10",0.6,1
1996,"B3","F",4,"5-10",0.8,0
1996,"B3","F",4,"5-10",1,1
1996,"B3","F",5,"5-10",0.2,0
1996,"B3","F",5,"5-10",0.4,0
1996,"B3","F",5,"5-10",0.6,0
1996,"B3","F",5,"5-10",0.8,0
1996,"B3","F",5,"5-10",1,0
1996,"B3","F",1,"10-20",0.2,0
1996,"B3","F",1,"10-20",0.4,4
1996,"B3","F",1,"10-20",0.6,5
1996,"B3","F",1,"10-20",0.8,1
1996,"B3","F",1,"10-20",1,0
1996,"B3","F",2,"10-20",0.2,3
1996,"B3","F",2,"10-20",0.4,1
1996,"B3","F",2,"10-20",0.6,0
1996,"B3","F",2,"10-20",0.8,0
1996,"B3","F",2,"10-20",1,0
1996,"B3","F",3,"10-20",0.2,0
1996,"B3","F",3,"10-20",0.4,2
1996,"B3","F",3,"10-20",0.6,1
1996,"B3","F",3,"10-20",0.8,0
1996,"B3","F",3,"10-20",1,0
1996,"B3","F",4,"10-20",0.2,0
1996,"B3","F",4,"10-20",0.4,3
1996,"B3","F",4,"10-20",0.6,1
1996,"B3","F",4,"10-20",0.8,0
1996,"B3","F",4,"10-20",1,0
1996,"B3","F",5,"10-20",0.2,0
1996,"B3","F",5,"10-20",0.4,0
1996,"B3","F",5,"10-20",0.6,0
1996,"B3","F",5,"10-20",0.8,0
1996,"B3","F",5,"10-20",1,0
2004,NA,"C",1,"2-5",0.2,10
2004,NA,"C",1,"2-5",0.4,16
2004,NA,"C",1,"2-5",0.6,15
2004,NA,"C",1,"2-5",0.8,15
2004,NA,"C",1,"2-5",1,10
2004,NA,"C",1,"2-5",1.2,3
2004,NA,"C",2,"2-5",0.2,3
2004,NA,"C",2,"2-5",0.4,5
2004,NA,"C",2,"2-5",0.6,6
2004,NA,"C",2,"2-5",0.8,2
2004,NA,"C",2,"2-5",1,5
2004,NA,"C",1,"2-5",1.2,4
2004,NA,"C",3,"2-5",0.2,1
2004,NA,"C",3,"2-5",0.4,6
2004,NA,"C",3,"2-5",0.6,3
2004,NA,"C",3,"2-5",0.8,2
2004,NA,"C",3,"2-5",1,3
2004,NA,"C",1,"2-5",1.2,0
2004,NA,"C",4,"2-5",0.2,2
2004,NA,"C",4,"2-5",0.4,3
2004,NA,"C",4,"2-5",0.6,5
2004,NA,"C",4,"2-5",0.8,2
2004,NA,"C",4,"2-5",1,1
2004,NA,"F",1,"2-5",1.2,2
2004,NA,"C",5,"2-5",0.2,0
2004,NA,"C",5,"2-5",0.4,0
2004,NA,"C",5,"2-5",0.6,2
2004,NA,"C",5,"2-5",0.8,2
2004,NA,"C",5,"2-5",1,2
2004,NA,"F",1,"2-5",1.2,6
2004,NA,"C",1,"5-10",0.2,2
2004,NA,"C",1,"5-10",0.4,4
2004,NA,"C",1,"5-10",0.6,2
2004,NA,"C",1,"5-10",0.8,4
2004,NA,"C",1,"5-10",1,2
2004,NA,"F",1,"2-5",1.2,0
2004,NA,"C",2,"5-10",0.2,1
2004,NA,"C",2,"5-10",0.4,1
2004,NA,"C",2,"5-10",0.6,2
2004,NA,"C",2,"5-10",0.8,1
2004,NA,"C",2,"5-10",1,0
2004,NA,"C",2,"2-5",1.2,0
2004,NA,"C",3,"5-10",0.2,0
2004,NA,"C",3,"5-10",0.4,2
2004,NA,"C",3,"5-10",0.6,1
2004,NA,"C",3,"5-10",0.8,0
2004,NA,"C",3,"5-10",1,1
2004,NA,"C",2,"2-5",1.2,3
2004,NA,"C",4,"5-10",0.2,0
2004,NA,"C",4,"5-10",0.4,2
2004,NA,"C",4,"5-10",0.6,2
2004,NA,"C",4,"5-10",0.8,0
2004,NA,"C",4,"5-10",1,0
2004,NA,"C",2,"2-5",1.2,3
2004,NA,"C",5,"5-10",0.2,0
2004,NA,"C",5,"5-10",0.4,0
2004,NA,"C",5,"5-10",0.6,0
2004,NA,"C",5,"5-10",0.8,0
2004,NA,"C",5,"5-10",1,1
2004,NA,"F",2,"2-5",1.2,4
2004,NA,"C",1,"10-20",0.2,0
2004,NA,"C",1,"10-20",0.4,1
2004,NA,"C",1,"10-20",0.6,1
2004,NA,"C",1,"10-20",0.8,1
2004,NA,"C",1,"10-20",1,0
2004,NA,"F",2,"2-5",1.2,4
2004,NA,"C",2,"10-20",0.2,0
2004,NA,"C",2,"10-20",0.4,0
2004,NA,"C",2,"10-20",0.6,1
2004,NA,"C",2,"10-20",0.8,0
2004,NA,"C",2,"10-20",1,0
2004,NA,"F",2,"2-5",1.2,1
2004,NA,"C",3,"10-20",0.2,0
2004,NA,"C",3,"10-20",0.4,1
2004,NA,"C",3,"10-20",0.6,0
2004,NA,"C",3,"10-20",0.8,0
2004,NA,"C",3,"10-20",1,0
2004,NA,"C",3,"2-5",1.2,2
2004,NA,"C",4,"10-20",0.2,0
2004,NA,"C",4,"10-20",0.4,0
2004,NA,"C",4,"10-20",0.6,0
2004,NA,"C",4,"10-20",0.8,0
2004,NA,"C",4,"10-20",1,0
2004,NA,"C",3,"2-5",1.2,0
2004,NA,"C",5,"10-20",0.2,0
2004,NA,"C",5,"10-20",0.4,0
2004,NA,"C",5,"10-20",0.6,0
2004,NA,"C",5,"10-20",0.8,0
2004,NA,"C",5,"10-20",1,0
2004,NA,"C",3,"2-5",1.2,2
2004,NA,"C",1,">20",0.2,1
2004,NA,"C",1,">20",0.4,0
2004,NA,"C",1,">20",0.6,3
2004,NA,"C",1,">20",0.8,1
2004,NA,"C",1,">20",1,0
2004,NA,"F",3,"2-5",1.2,2
2004,NA,"C",2,">20",0.2,0
2004,NA,"C",2,">20",0.4,0
2004,NA,"C",2,">20",0.6,0
2004,NA,"C",2,">20",0.8,4
2004,NA,"C",2,">20",1,1
2004,NA,"F",3,"2-5",1.2,1
2004,NA,"C",3,">20",0.2,0
2004,NA,"C",3,">20",0.4,0
2004,NA,"C",3,">20",0.6,0
2004,NA,"C",3,">20",0.8,2
2004,NA,"C",3,">20",1,2
2004,NA,"F",3,"2-5",1.2,0
2004,NA,"C",4,">20",0.2,0
2004,NA,"C",4,">20",0.4,0
2004,NA,"C",4,">20",0.6,0
2004,NA,"C",4,">20",0.8,0
2004,NA,"C",4,">20",1,0
2004,NA,"C",4,"2-5",1.2,2
2004,NA,"C",5,">20",0.2,0
2004,NA,"C",5,">20",0.4,0
2004,NA,"C",5,">20",0.6,0
2004,NA,"C",5,">20",0.8,0
2004,NA,"C",5,">20",1,0
2004,NA,"C",4,"2-5",1.2,1
2004,NA,"C",1,"2-5",0.2,9
2004,NA,"C",1,"2-5",0.4,1
2004,NA,"C",1,"2-5",0.6,5
2004,NA,"C",1,"2-5",0.8,10
2004,NA,"C",1,"2-5",1,11
2004,NA,"C",4,"2-5",1.2,1
2004,NA,"C",2,"2-5",0.2,1
2004,NA,"C",2,"2-5",0.4,3
2004,NA,"C",2,"2-5",0.6,5
2004,NA,"C",2,"2-5",0.8,2
2004,NA,"C",2,"2-5",1,1
2004,NA,"F",4,"2-5",1.2,2
2004,NA,"C",3,"2-5",0.2,4
2004,NA,"C",3,"2-5",0.4,0
2004,NA,"C",3,"2-5",0.6,0
2004,NA,"C",3,"2-5",0.8,1
2004,NA,"C",3,"2-5",1,1
2004,NA,"F",4,"2-5",1.2,0
2004,NA,"C",4,"2-5",0.2,1
2004,NA,"C",4,"2-5",0.4,1
2004,NA,"C",4,"2-5",0.6,3
2004,NA,"C",4,"2-5",0.8,2
2004,NA,"C",4,"2-5",1,1
2004,NA,"F",4,"2-5",1.2,0
2004,NA,"C",5,"2-5",0.2,1
2004,NA,"C",5,"2-5",0.4,1
2004,NA,"C",5,"2-5",0.6,0
2004,NA,"C",5,"2-5",0.8,0
2004,NA,"C",5,"2-5",1,0
2004,NA,"C",5,"2-5",1.2,0
2004,NA,"C",1,"5-10",0.2,0
2004,NA,"C",1,"5-10",0.4,0
2004,NA,"C",1,"5-10",0.6,3
2004,NA,"C",1,"5-10",0.8,0
2004,NA,"C",1,"5-10",1,3
2004,NA,"C",5,"2-5",1.2,0
2004,NA,"C",2,"5-10",0.2,0
2004,NA,"C",2,"5-10",0.4,0
2004,NA,"C",2,"5-10",0.6,0
2004,NA,"C",2,"5-10",0.8,2
2004,NA,"C",2,"5-10",1,0
2004,NA,"C",5,"2-5",1.2,0
2004,NA,"C",3,"5-10",0.2,0
2004,NA,"C",3,"5-10",0.4,1
2004,NA,"C",3,"5-10",0.6,0
2004,NA,"C",3,"5-10",0.8,0
2004,NA,"C",3,"5-10",1,0
2004,NA,"F",5,"2-5",1.2,0
2004,NA,"C",4,"5-10",0.2,0
2004,NA,"C",4,"5-10",0.4,0
2004,NA,"C",4,"5-10",0.6,0
2004,NA,"C",4,"5-10",0.8,0
2004,NA,"C",4,"5-10",1,0
2004,NA,"F",5,"2-5",1.2,0
2004,NA,"C",5,"5-10",0.2,0
2004,NA,"C",5,"5-10",0.4,0
2004,NA,"C",5,"5-10",0.6,0
2004,NA,"C",5,"5-10",0.8,0
2004,NA,"C",5,"5-10",1,0
2004,NA,"F",5,"2-5",1.2,1
2004,NA,"C",1,"10-20",0.2,0
2004,NA,"C",1,"10-20",0.4,1
2004,NA,"C",1,"10-20",0.6,1
2004,NA,"C",1,"10-20",0.8,0
2004,NA,"C",1,"10-20",1,1
2004,NA,"C",1,"5-10",1.2,0
2004,NA,"C",2,"10-20",0.2,0
2004,NA,"C",2,"10-20",0.4,0
2004,NA,"C",2,"10-20",0.6,0
2004,NA,"C",2,"10-20",0.8,0
2004,NA,"C",2,"10-20",1,0
2004,NA,"C",1,"5-10",1.2,0
2004,NA,"C",3,"10-20",0.2,0
2004,NA,"C",3,"10-20",0.4,0
2004,NA,"C",3,"10-20",0.6,0
2004,NA,"C",3,"10-20",0.8,0
2004,NA,"C",3,"10-20",1,0
2004,NA,"C",1,"5-10",1.2,3
2004,NA,"C",4,"10-20",0.2,0
2004,NA,"C",4,"10-20",0.4,0
2004,NA,"C",4,"10-20",0.6,0
2004,NA,"C",4,"10-20",0.8,0
2004,NA,"C",4,"10-20",1,0
2004,NA,"F",1,"5-10",1.2,0
2004,NA,"C",5,"10-20",0.2,0
2004,NA,"C",5,"10-20",0.4,0
2004,NA,"C",5,"10-20",0.6,0
2004,NA,"C",5,"10-20",0.8,0
2004,NA,"C",5,"10-20",1,0
2004,NA,"F",1,"5-10",1.2,0
2004,NA,"C",1,">20",0.2,1
2004,NA,"C",1,">20",0.4,0
2004,NA,"C",1,">20",0.6,2
2004,NA,"C",1,">20",0.8,5
2004,NA,"C",1,">20",1,3
2004,NA,"F",1,"5-10",1.2,0
2004,NA,"C",2,">20",0.2,0
2004,NA,"C",2,">20",0.4,0
2004,NA,"C",2,">20",0.6,0
2004,NA,"C",2,">20",0.8,0
2004,NA,"C",2,">20",1,1
2004,NA,"C",2,"5-10",1.2,0
2004,NA,"C",3,">20",0.2,0
2004,NA,"C",3,">20",0.4,0
2004,NA,"C",3,">20",0.6,0
2004,NA,"C",3,">20",0.8,0
2004,NA,"C",3,">20",1,0
2004,NA,"C",2,"5-10",1.2,0
2004,NA,"C",4,">20",0.2,0
2004,NA,"C",4,">20",0.4,0
2004,NA,"C",4,">20",0.6,0
2004,NA,"C",4,">20",0.8,0
2004,NA,"C",4,">20",1,0
2004,NA,"C",2,"5-10",1.2,2
2004,NA,"C",5,">20",0.2,0
2004,NA,"C",5,">20",0.4,0
2004,NA,"C",5,">20",0.6,0
2004,NA,"C",5,">20",0.8,0
2004,NA,"C",5,">20",1,0
2004,NA,"F",2,"5-10",1.2,0
2004,NA,"C",1,"2-5",0.2,10
2004,NA,"C",1,"2-5",0.4,11
2004,NA,"C",1,"2-5",0.6,3
2004,NA,"C",1,"2-5",0.8,1
2004,NA,"C",1,"2-5",1,0
2004,NA,"F",2,"5-10",1.2,1
2004,NA,"C",2,"2-5",0.2,3
2004,NA,"C",2,"2-5",0.4,12
2004,NA,"C",2,"2-5",0.6,8
2004,NA,"C",2,"2-5",0.8,5
2004,NA,"C",2,"2-5",1,1
2004,NA,"F",2,"5-10",1.2,0
2004,NA,"C",3,"2-5",0.2,0
2004,NA,"C",3,"2-5",0.4,3
2004,NA,"C",3,"2-5",0.6,6
2004,NA,"C",3,"2-5",0.8,3
2004,NA,"C",3,"2-5",1,2
2004,NA,"C",3,"5-10",1.2,0
2004,NA,"C",4,"2-5",0.2,0
2004,NA,"C",4,"2-5",0.4,0
2004,NA,"C",4,"2-5",0.6,1
2004,NA,"C",4,"2-5",0.8,2
2004,NA,"C",4,"2-5",1,2
2004,NA,"C",3,"5-10",1.2,0
2004,NA,"C",5,"2-5",0.2,0
2004,NA,"C",5,"2-5",0.4,3
2004,NA,"C",5,"2-5",0.6,6
2004,NA,"C",5,"2-5",0.8,2
2004,NA,"C",5,"2-5",1,0
2004,NA,"C",3,"5-10",1.2,0
2004,NA,"C",1,"5-10",0.2,2
2004,NA,"C",1,"5-10",0.4,1
2004,NA,"C",1,"5-10",0.6,2
2004,NA,"C",1,"5-10",0.8,1
2004,NA,"C",1,"5-10",1,1
2004,NA,"F",3,"5-10",1.2,1
2004,NA,"C",2,"5-10",0.2,0
2004,NA,"C",2,"5-10",0.4,0
2004,NA,"C",2,"5-10",0.6,1
2004,NA,"C",2,"5-10",0.8,0
2004,NA,"C",2,"5-10",1,0
2004,NA,"F",3,"5-10",1.2,0
2004,NA,"C",3,"5-10",0.2,0
2004,NA,"C",3,"5-10",0.4,2
2004,NA,"C",3,"5-10",0.6,0
2004,NA,"C",3,"5-10",0.8,0
2004,NA,"C",3,"5-10",1,0
2004,NA,"F",3,"5-10",1.2,0
2004,NA,"C",4,"5-10",0.2,0
2004,NA,"C",4,"5-10",0.4,0
2004,NA,"C",4,"5-10",0.6,0
2004,NA,"C",4,"5-10",0.8,0
2004,NA,"C",4,"5-10",1,0
2004,NA,"C",4,"5-10",1.2,0
2004,NA,"C",5,"5-10",0.2,0
2004,NA,"C",5,"5-10",0.4,0
2004,NA,"C",5,"5-10",0.6,0
2004,NA,"C",5,"5-10",0.8,0
2004,NA,"C",5,"5-10",1,1
2004,NA,"C",4,"5-10",1.2,0
2004,NA,"C",1,"10-20",0.2,0
2004,NA,"C",1,"10-20",0.4,1
2004,NA,"C",1,"10-20",0.6,2
2004,NA,"C",1,"10-20",0.8,0
2004,NA,"C",1,"10-20",1,1
2004,NA,"C",4,"5-10",1.2,0
2004,NA,"C",2,"10-20",0.2,0
2004,NA,"C",2,"10-20",0.4,1
2004,NA,"C",2,"10-20",0.6,0
2004,NA,"C",2,"10-20",0.8,0
2004,NA,"C",2,"10-20",1,3
2004,NA,"F",4,"5-10",1.2,1
2004,NA,"C",3,"10-20",0.2,0
2004,NA,"C",3,"10-20",0.4,0
2004,NA,"C",3,"10-20",0.6,0
2004,NA,"C",3,"10-20",0.8,0
2004,NA,"C",3,"10-20",1,0
2004,NA,"F",4,"5-10",1.2,0
2004,NA,"C",4,"10-20",0.2,0
2004,NA,"C",4,"10-20",0.4,0
2004,NA,"C",4,"10-20",0.6,0
2004,NA,"C",4,"10-20",0.8,0
2004,NA,"C",4,"10-20",1,3
2004,NA,"F",4,"5-10",1.2,0
2004,NA,"C",5,"10-20",0.2,0
2004,NA,"C",5,"10-20",0.4,0
2004,NA,"C",5,"10-20",0.6,0
2004,NA,"C",5,"10-20",0.8,0
2004,NA,"C",5,"10-20",1,1
2004,NA,"C",5,"5-10",1.2,0
2004,NA,"C",1,">20",0.2,3
2004,NA,"C",1,">20",0.4,4
2004,NA,"C",1,">20",0.6,3
2004,NA,"C",1,">20",0.8,1
2004,NA,"C",1,">20",1,1
2004,NA,"C",5,"5-10",1.2,0
2004,NA,"C",2,">20",0.2,0
2004,NA,"C",2,">20",0.4,0
2004,NA,"C",2,">20",0.6,2
2004,NA,"C",2,">20",0.8,2
2004,NA,"C",2,">20",1,2
2004,NA,"C",5,"5-10",1.2,0
2004,NA,"C",3,">20",0.2,0
2004,NA,"C",3,">20",0.4,0
2004,NA,"C",3,">20",0.6,0
2004,NA,"C",3,">20",0.8,0
2004,NA,"C",3,">20",1,0
2004,NA,"F",5,"5-10",1.2,0
2004,NA,"C",4,">20",0.2,0
2004,NA,"C",4,">20",0.4,0
2004,NA,"C",4,">20",0.6,0
2004,NA,"C",4,">20",0.8,0
2004,NA,"C",4,">20",1,0
2004,NA,"F",5,"5-10",1.2,0
2004,NA,"C",5,">20",0.2,0
2004,NA,"C",5,">20",0.4,0
2004,NA,"C",5,">20",0.6,0
2004,NA,"C",5,">20",0.8,0
2004,NA,"C",5,">20",1,0
2004,NA,"F",5,"5-10",1.2,0
2004,NA,"F",1,"2-5",0.2,14
2004,NA,"F",1,"2-5",0.4,9
2004,NA,"F",1,"2-5",0.6,11
2004,NA,"F",1,"2-5",0.8,10
2004,NA,"F",1,"2-5",1,4
2004,NA,"C",1,"10-20",1.2,0
2004,NA,"F",2,"2-5",0.2,5
2004,NA,"F",2,"2-5",0.4,9
2004,NA,"F",2,"2-5",0.6,5
2004,NA,"F",2,"2-5",0.8,10
2004,NA,"F",2,"2-5",1,7
2004,NA,"C",1,"10-20",1.2,2
2004,NA,"F",3,"2-5",0.2,6
2004,NA,"F",3,"2-5",0.4,5
2004,NA,"F",3,"2-5",0.6,4
2004,NA,"F",3,"2-5",0.8,2
2004,NA,"F",3,"2-5",1,3
2004,NA,"C",1,"10-20",1.2,1
2004,NA,"F",4,"2-5",0.2,0
2004,NA,"F",4,"2-5",0.4,4
2004,NA,"F",4,"2-5",0.6,9
2004,NA,"F",4,"2-5",0.8,2
2004,NA,"F",4,"2-5",1,1
2004,NA,"F",1,"10-20",1.2,0
2004,NA,"F",5,"2-5",0.2,1
2004,NA,"F",5,"2-5",0.4,10
2004,NA,"F",5,"2-5",0.6,5
2004,NA,"F",5,"2-5",0.8,2
2004,NA,"F",5,"2-5",1,4
2004,NA,"F",1,"10-20",1.2,1
2004,NA,"F",1,"5-10",0.2,1
2004,NA,"F",1,"5-10",0.4,3
2004,NA,"F",1,"5-10",0.6,2
2004,NA,"F",1,"5-10",0.8,2
2004,NA,"F",1,"5-10",1,1
2004,NA,"F",1,"10-20",1.2,3
2004,NA,"F",2,"5-10",0.2,0
2004,NA,"F",2,"5-10",0.4,1
2004,NA,"F",2,"5-10",0.6,1
2004,NA,"F",2,"5-10",0.8,2
2004,NA,"F",2,"5-10",1,1
2004,NA,"C",2,"10-20",1.2,0
2004,NA,"F",3,"5-10",0.2,0
2004,NA,"F",3,"5-10",0.4,5
2004,NA,"F",3,"5-10",0.6,4
2004,NA,"F",3,"5-10",0.8,2
2004,NA,"F",3,"5-10",1,0
2004,NA,"C",2,"10-20",1.2,0
2004,NA,"F",4,"5-10",0.2,0
2004,NA,"F",4,"5-10",0.4,0
2004,NA,"F",4,"5-10",0.6,0
2004,NA,"F",4,"5-10",0.8,0
2004,NA,"F",4,"5-10",1,0
2004,NA,"C",2,"10-20",1.2,1
2004,NA,"F",5,"5-10",0.2,0
2004,NA,"F",5,"5-10",0.4,1
2004,NA,"F",5,"5-10",0.6,0
2004,NA,"F",5,"5-10",0.8,1
2004,NA,"F",5,"5-10",1,0
2004,NA,"F",2,"10-20",1.2,2
2004,NA,"F",1,"10-20",0.2,0
2004,NA,"F",1,"10-20",0.4,1
2004,NA,"F",1,"10-20",0.6,1
2004,NA,"F",1,"10-20",0.8,1
2004,NA,"F",1,"10-20",1,0
2004,NA,"F",2,"10-20",1.2,0
2004,NA,"F",2,"10-20",0.2,0
2004,NA,"F",2,"10-20",0.4,1
2004,NA,"F",2,"10-20",0.6,1
2004,NA,"F",2,"10-20",0.8,0
2004,NA,"F",2,"10-20",1,1
2004,NA,"F",2,"10-20",1.2,0
2004,NA,"F",3,"10-20",0.2,0
2004,NA,"F",3,"10-20",0.4,1
2004,NA,"F",3,"10-20",0.6,2
2004,NA,"F",3,"10-20",0.8,1
2004,NA,"F",3,"10-20",1,0
2004,NA,"C",3,"10-20",1.2,0
2004,NA,"F",4,"10-20",0.2,0
2004,NA,"F",4,"10-20",0.4,0
2004,NA,"F",4,"10-20",0.6,0
2004,NA,"F",4,"10-20",0.8,0
2004,NA,"F",4,"10-20",1,0
2004,NA,"C",3,"10-20",1.2,0
2004,NA,"F",5,"10-20",0.2,0
2004,NA,"F",5,"10-20",0.4,0
2004,NA,"F",5,"10-20",0.6,0
2004,NA,"F",5,"10-20",0.8,0
2004,NA,"F",5,"10-20",1,0
2004,NA,"C",3,"10-20",1.2,1
2004,NA,"F",1,">20",0.2,1
2004,NA,"F",1,">20",0.4,3
2004,NA,"F",1,">20",0.6,2
2004,NA,"F",1,">20",0.8,0
2004,NA,"F",1,">20",1,0
2004,NA,"F",3,"10-20",1.2,0
2004,NA,"F",2,">20",0.2,0
2004,NA,"F",2,">20",0.4,2
2004,NA,"F",2,">20",0.6,2
2004,NA,"F",2,">20",0.8,0
2004,NA,"F",2,">20",1,0
2004,NA,"F",3,"10-20",1.2,0
2004,NA,"F",3,">20",0.2,0
2004,NA,"F",3,">20",0.4,2
2004,NA,"F",3,">20",0.6,0
2004,NA,"F",3,">20",0.8,0
2004,NA,"F",3,">20",1,0
2004,NA,"F",3,"10-20",1.2,0
2004,NA,"F",4,">20",0.2,0
2004,NA,"F",4,">20",0.4,0
2004,NA,"F",4,">20",0.6,0
2004,NA,"F",4,">20",0.8,0
2004,NA,"F",4,">20",1,0
2004,NA,"C",4,"10-20",1.2,0
2004,NA,"F",5,">20",0.2,0
2004,NA,"F",5,">20",0.4,0
2004,NA,"F",5,">20",0.6,0
2004,NA,"F",5,">20",0.8,0
2004,NA,"F",5,">20",1,0
2004,NA,"C",4,"10-20",1.2,0
2004,NA,"F",1,"2-5",0.2,5
2004,NA,"F",1,"2-5",0.4,16
2004,NA,"F",1,"2-5",0.6,3
2004,NA,"F",1,"2-5",0.8,0
2004,NA,"F",1,"2-5",1,5
2004,NA,"C",4,"10-20",1.2,0
2004,NA,"F",2,"2-5",0.2,12
2004,NA,"F",2,"2-5",0.4,15
2004,NA,"F",2,"2-5",0.6,4
2004,NA,"F",2,"2-5",0.8,5
2004,NA,"F",2,"2-5",1,1
2004,NA,"F",4,"10-20",1.2,0
2004,NA,"F",3,"2-5",0.2,3
2004,NA,"F",3,"2-5",0.4,14
2004,NA,"F",3,"2-5",0.6,6
2004,NA,"F",3,"2-5",0.8,0
2004,NA,"F",3,"2-5",1,2
2004,NA,"F",4,"10-20",1.2,0
2004,NA,"F",4,"2-5",0.2,4
2004,NA,"F",4,"2-5",0.4,7
2004,NA,"F",4,"2-5",0.6,2
2004,NA,"F",4,"2-5",0.8,3
2004,NA,"F",4,"2-5",1,0
2004,NA,"F",4,"10-20",1.2,0
2004,NA,"F",5,"2-5",0.2,2
2004,NA,"F",5,"2-5",0.4,3
2004,NA,"F",5,"2-5",0.6,1
2004,NA,"F",5,"2-5",0.8,0
2004,NA,"F",5,"2-5",1,1
2004,NA,"C",5,"10-20",1.2,0
2004,NA,"F",1,"5-10",0.2,3
2004,NA,"F",1,"5-10",0.4,2
2004,NA,"F",1,"5-10",0.6,1
2004,NA,"F",1,"5-10",0.8,1
2004,NA,"F",1,"5-10",1,1
2004,NA,"C",5,"10-20",1.2,0
2004,NA,"F",2,"5-10",0.2,3
2004,NA,"F",2,"5-10",0.4,7
2004,NA,"F",2,"5-10",0.6,2
2004,NA,"F",2,"5-10",0.8,1
2004,NA,"F",2,"5-10",1,0
2004,NA,"C",5,"10-20",1.2,0
2004,NA,"F",3,"5-10",0.2,0
2004,NA,"F",3,"5-10",0.4,0
2004,NA,"F",3,"5-10",0.6,0
2004,NA,"F",3,"5-10",0.8,0
2004,NA,"F",3,"5-10",1,0
2004,NA,"F",5,"10-20",1.2,0
2004,NA,"F",4,"5-10",0.2,0
2004,NA,"F",4,"5-10",0.4,1
2004,NA,"F",4,"5-10",0.6,0
2004,NA,"F",4,"5-10",0.8,1
2004,NA,"F",4,"5-10",1,0
2004,NA,"F",5,"10-20",1.2,0
2004,NA,"F",5,"5-10",0.2,0
2004,NA,"F",5,"5-10",0.4,0
2004,NA,"F",5,"5-10",0.6,0
2004,NA,"F",5,"5-10",0.8,0
2004,NA,"F",5,"5-10",1,0
2004,NA,"F",5,"10-20",1.2,0
2004,NA,"F",1,"10-20",0.2,0
2004,NA,"F",1,"10-20",0.4,0
2004,NA,"F",1,"10-20",0.6,0
2004,NA,"F",1,"10-20",0.8,0
2004,NA,"F",1,"10-20",1,1
2004,NA,"C",1,">20",1.2,0
2004,NA,"F",2,"10-20",0.2,1
2004,NA,"F",2,"10-20",0.4,4
2004,NA,"F",2,"10-20",0.6,0
2004,NA,"F",2,"10-20",0.8,0
2004,NA,"F",2,"10-20",1,2
2004,NA,"C",1,">20",1.2,1
2004,NA,"F",3,"10-20",0.2,0
2004,NA,"F",3,"10-20",0.4,2
2004,NA,"F",3,"10-20",0.6,0
2004,NA,"F",3,"10-20",0.8,0
2004,NA,"F",3,"10-20",1,0
2004,NA,"C",1,">20",1.2,1
2004,NA,"F",4,"10-20",0.2,1
2004,NA,"F",4,"10-20",0.4,0
2004,NA,"F",4,"10-20",0.6,0
2004,NA,"F",4,"10-20",0.8,0
2004,NA,"F",4,"10-20",1,0
2004,NA,"F",1,">20",1.2,0
2004,NA,"F",5,"10-20",0.2,0
2004,NA,"F",5,"10-20",0.4,0
2004,NA,"F",5,"10-20",0.6,0
2004,NA,"F",5,"10-20",0.8,0
2004,NA,"F",5,"10-20",1,0
2004,NA,"F",1,">20",1.2,0
2004,NA,"F",1,">20",0.2,3
2004,NA,"F",1,">20",0.4,1
2004,NA,"F",1,">20",0.6,1
2004,NA,"F",1,">20",0.8,0
2004,NA,"F",1,">20",1,0
2004,NA,"F",1,">20",1.2,0
2004,NA,"F",2,">20",0.2,3
2004,NA,"F",2,">20",0.4,7
2004,NA,"F",2,">20",0.6,0
2004,NA,"F",2,">20",0.8,0
2004,NA,"F",2,">20",1,0
2004,NA,"C",2,">20",1.2,1
2004,NA,"F",3,">20",0.2,0
2004,NA,"F",3,">20",0.4,0
2004,NA,"F",3,">20",0.6,0
2004,NA,"F",3,">20",0.8,0
2004,NA,"F",3,">20",1,0
2004,NA,"C",2,">20",1.2,1
2004,NA,"F",4,">20",0.2,0
2004,NA,"F",4,">20",0.4,0
2004,NA,"F",4,">20",0.6,0
2004,NA,"F",4,">20",0.8,0
2004,NA,"F",4,">20",1,0
2004,NA,"C",2,">20",1.2,4
2004,NA,"F",5,">20",0.2,0
2004,NA,"F",5,">20",0.4,0
2004,NA,"F",5,">20",0.6,0
2004,NA,"F",5,">20",0.8,0
2004,NA,"F",5,">20",1,0
2004,NA,"F",2,">20",1.2,0
2004,NA,"F",1,"2-5",0.2,0
2004,NA,"F",1,"2-5",0.4,5
2004,NA,"F",1,"2-5",0.6,8
2004,NA,"F",1,"2-5",0.8,4
2004,NA,"F",1,"2-5",1,2
2004,NA,"F",2,">20",1.2,4
2004,NA,"F",2,"2-5",0.2,2
2004,NA,"F",2,"2-5",0.4,7
2004,NA,"F",2,"2-5",0.6,12
2004,NA,"F",2,"2-5",0.8,7
2004,NA,"F",2,"2-5",1,3
2004,NA,"F",2,">20",1.2,0
2004,NA,"F",3,"2-5",0.2,3
2004,NA,"F",3,"2-5",0.4,4
2004,NA,"F",3,"2-5",0.6,3
2004,NA,"F",3,"2-5",0.8,5
2004,NA,"F",3,"2-5",1,2
2004,NA,"C",3,">20",1.2,0
2004,NA,"F",4,"2-5",0.2,0
2004,NA,"F",4,"2-5",0.4,5
2004,NA,"F",4,"2-5",0.6,6
2004,NA,"F",4,"2-5",0.8,4
2004,NA,"F",4,"2-5",1,1
2004,NA,"C",3,">20",1.2,0
2004,NA,"F",5,"2-5",0.2,0
2004,NA,"F",5,"2-5",0.4,2
2004,NA,"F",5,"2-5",0.6,0
2004,NA,"F",5,"2-5",0.8,1
2004,NA,"F",5,"2-5",1,1
2004,NA,"C",3,">20",1.2,0
2004,NA,"F",1,"5-10",0.2,0
2004,NA,"F",1,"5-10",0.4,0
2004,NA,"F",1,"5-10",0.6,1
2004,NA,"F",1,"5-10",0.8,1
2004,NA,"F",1,"5-10",1,0
2004,NA,"F",3,">20",1.2,0
2004,NA,"F",2,"5-10",0.2,0
2004,NA,"F",2,"5-10",0.4,1
2004,NA,"F",2,"5-10",0.6,1
2004,NA,"F",2,"5-10",0.8,4
2004,NA,"F",2,"5-10",1,0
2004,NA,"F",3,">20",1.2,0
2004,NA,"F",3,"5-10",0.2,0
2004,NA,"F",3,"5-10",0.4,1
2004,NA,"F",3,"5-10",0.6,2
2004,NA,"F",3,"5-10",0.8,3
2004,NA,"F",3,"5-10",1,0
2004,NA,"F",3,">20",1.2,0
2004,NA,"F",4,"5-10",0.2,0
2004,NA,"F",4,"5-10",0.4,0
2004,NA,"F",4,"5-10",0.6,2
2004,NA,"F",4,"5-10",0.8,3
2004,NA,"F",4,"5-10",1,0
2004,NA,"C",4,">20",1.2,0
2004,NA,"F",5,"5-10",0.2,0
2004,NA,"F",5,"5-10",0.4,0
2004,NA,"F",5,"5-10",0.6,2
2004,NA,"F",5,"5-10",0.8,0
2004,NA,"F",5,"5-10",1,0
2004,NA,"C",4,">20",1.2,0
2004,NA,"F",1,"10-20",0.2,0
2004,NA,"F",1,"10-20",0.4,0
2004,NA,"F",1,"10-20",0.6,0
2004,NA,"F",1,"10-20",0.8,2
2004,NA,"F",1,"10-20",1,0
2004,NA,"C",4,">20",1.2,0
2004,NA,"F",2,"10-20",0.2,0
2004,NA,"F",2,"10-20",0.4,2
2004,NA,"F",2,"10-20",0.6,1
2004,NA,"F",2,"10-20",0.8,1
2004,NA,"F",2,"10-20",1,0
2004,NA,"F",4,">20",1.2,0
2004,NA,"F",3,"10-20",0.2,1
2004,NA,"F",3,"10-20",0.4,1
2004,NA,"F",3,"10-20",0.6,0
2004,NA,"F",3,"10-20",0.8,0
2004,NA,"F",3,"10-20",1,0
2004,NA,"F",4,">20",1.2,0
2004,NA,"F",4,"10-20",0.2,0
2004,NA,"F",4,"10-20",0.4,1
2004,NA,"F",4,"10-20",0.6,0
2004,NA,"F",4,"10-20",0.8,0
2004,NA,"F",4,"10-20",1,0
2004,NA,"F",4,">20",1.2,0
2004,NA,"F",5,"10-20",0.2,0
2004,NA,"F",5,"10-20",0.4,0
2004,NA,"F",5,"10-20",0.6,0
2004,NA,"F",5,"10-20",0.8,0
2004,NA,"F",5,"10-20",1,0
2004,NA,"C",5,">20",1.2,0
2004,NA,"F",1,">20",0.2,0
2004,NA,"F",1,">20",0.4,2
2004,NA,"F",1,">20",0.6,2
2004,NA,"F",1,">20",0.8,2
2004,NA,"F",1,">20",1,0
2004,NA,"C",5,">20",1.2,0
2004,NA,"F",2,">20",0.2,0
2004,NA,"F",2,">20",0.4,0
2004,NA,"F",2,">20",0.6,0
2004,NA,"F",2,">20",0.8,0
2004,NA,"F",2,">20",1,0
2004,NA,"C",5,">20",1.2,0
2004,NA,"F",3,">20",0.2,0
2004,NA,"F",3,">20",0.4,0
2004,NA,"F",3,">20",0.6,0
2004,NA,"F",3,">20",0.8,0
2004,NA,"F",3,">20",1,0
2004,NA,"F",5,">20",1.2,0
2004,NA,"F",4,">20",0.2,0
2004,NA,"F",4,">20",0.4,0
2004,NA,"F",4,">20",0.6,0
2004,NA,"F",4,">20",0.8,0
2004,NA,"F",4,">20",1,0
2004,NA,"F",5,">20",1.2,0
2004,NA,"F",5,">20",0.2,0
2004,NA,"F",5,">20",0.4,0
2004,NA,"F",5,">20",0.6,0
2004,NA,"F",5,">20",0.8,0
2004,NA,"F",5,">20",1,0
2004,NA,"F",5,">20",1.2,0
2011,NA,"C",1,"2-5",0.2,6
2011,NA,"C",1,"2-5",0.4,7
2011,NA,"C",1,"2-5",0.6,11
2011,NA,"C",1,"2-5",0.8,4
2011,NA,"C",1,"2-5",1,0
2011,NA,"C",1,"2-5",1.2,2
2011,NA,"C",1,"2-5",1.4,1
2011,NA,"C",1,"2-5",1.5,1
2011,NA,"C",2,"2-5",0.2,7
2011,NA,"C",2,"2-5",0.4,3
2011,NA,"C",2,"2-5",0.6,2
2011,NA,"C",2,"2-5",0.8,1
2011,NA,"C",2,"2-5",1,2
2011,NA,"C",1,"2-5",1.2,0
2011,NA,"C",1,"2-5",1.4,0
2011,NA,"C",1,"2-5",1.5,1
2011,NA,"C",3,"2-5",0.2,7
2011,NA,"C",3,"2-5",0.4,12
2011,NA,"C",3,"2-5",0.6,3
2011,NA,"C",3,"2-5",0.8,5
2011,NA,"C",3,"2-5",1,2
2011,NA,"C",1,"2-5",1.2,2
2011,NA,"C",1,"2-5",1.4,1
2011,NA,"C",1,"2-5",1.5,0
2011,NA,"C",4,"2-5",0.2,9
2011,NA,"C",4,"2-5",0.4,8
2011,NA,"C",4,"2-5",0.6,4
2011,NA,"C",4,"2-5",0.8,0
2011,NA,"C",4,"2-5",1,1
2011,NA,"F",1,"2-5",1.2,4
2011,NA,"F",1,"2-5",1.4,1
2011,NA,"F",1,"2-5",1.5,0
2011,NA,"C",5,"2-5",0.2,8
2011,NA,"C",5,"2-5",0.4,6
2011,NA,"C",5,"2-5",0.6,1
2011,NA,"C",5,"2-5",0.8,0
2011,NA,"C",5,"2-5",1,0
2011,NA,"F",1,"2-5",1.2,0
2011,NA,"F",1,"2-5",1.4,4
2011,NA,"F",1,"2-5",1.5,4
2011,NA,"C",1,"5-10",0.2,3
2011,NA,"C",1,"5-10",0.4,3
2011,NA,"C",1,"5-10",0.6,0
2011,NA,"C",1,"5-10",0.8,2
2011,NA,"C",1,"5-10",1,2
2011,NA,"F",1,"2-5",1.2,0
2011,NA,"F",1,"2-5",1.4,3
2011,NA,"F",1,"2-5",1.5,1
2011,NA,"C",2,"5-10",0.2,2
2011,NA,"C",2,"5-10",0.4,2
2011,NA,"C",2,"5-10",0.6,1
2011,NA,"C",2,"5-10",0.8,0
2011,NA,"C",2,"5-10",1,0
2011,NA,"C",2,"2-5",1.2,1
2011,NA,"C",2,"2-5",1.4,1
2011,NA,"C",2,"2-5",1.5,0
2011,NA,"C",3,"5-10",0.2,2
2011,NA,"C",3,"5-10",0.4,1
2011,NA,"C",3,"5-10",0.6,0
2011,NA,"C",3,"5-10",0.8,0
2011,NA,"C",3,"5-10",1,0
2011,NA,"C",2,"2-5",1.2,1
2011,NA,"C",2,"2-5",1.4,0
2011,NA,"C",2,"2-5",1.5,0
2011,NA,"C",4,"5-10",0.2,1
2011,NA,"C",4,"5-10",0.4,1
2011,NA,"C",4,"5-10",0.6,1
2011,NA,"C",4,"5-10",0.8,0
2011,NA,"C",4,"5-10",1,0
2011,NA,"C",2,"2-5",1.2,1
2011,NA,"C",2,"2-5",1.4,0
2011,NA,"C",2,"2-5",1.5,0
2011,NA,"C",5,"5-10",0.2,1
2011,NA,"C",5,"5-10",0.4,1
2011,NA,"C",5,"5-10",0.6,0
2011,NA,"C",5,"5-10",0.8,0
2011,NA,"C",5,"5-10",1,0
2011,NA,"F",2,"2-5",1.2,1
2011,NA,"F",2,"2-5",1.4,2
2011,NA,"F",2,"2-5",1.5,1
2011,NA,"C",1,"10-20",0.2,0
2011,NA,"C",1,"10-20",0.4,0
2011,NA,"C",1,"10-20",0.6,0
2011,NA,"C",1,"10-20",0.8,2
2011,NA,"C",1,"10-20",1,0
2011,NA,"F",2,"2-5",1.2,5
2011,NA,"F",2,"2-5",1.4,0
2011,NA,"F",2,"2-5",1.5,0
2011,NA,"C",2,"10-20",0.2,0
2011,NA,"C",2,"10-20",0.4,1
2011,NA,"C",2,"10-20",0.6,0
2011,NA,"C",2,"10-20",0.8,0
2011,NA,"C",2,"10-20",1,0
2011,NA,"F",2,"2-5",1.2,2
2011,NA,"F",2,"2-5",1.4,2
2011,NA,"F",2,"2-5",1.5,0
2011,NA,"C",3,"10-20",0.2,0
2011,NA,"C",3,"10-20",0.4,0
2011,NA,"C",3,"10-20",0.6,0
2011,NA,"C",3,"10-20",0.8,0
2011,NA,"C",3,"10-20",1,1
2011,NA,"C",3,"2-5",1.2,0
2011,NA,"C",3,"2-5",1.4,1
2011,NA,"C",3,"2-5",1.5,0
2011,NA,"C",4,"10-20",0.2,0
2011,NA,"C",4,"10-20",0.4,1
2011,NA,"C",4,"10-20",0.6,0
2011,NA,"C",4,"10-20",0.8,0
2011,NA,"C",4,"10-20",1,0
2011,NA,"C",3,"2-5",1.2,0
2011,NA,"C",3,"2-5",1.4,0
2011,NA,"C",3,"2-5",1.5,0
2011,NA,"C",5,"10-20",0.2,0
2011,NA,"C",5,"10-20",0.4,0
2011,NA,"C",5,"10-20",0.6,0
2011,NA,"C",5,"10-20",0.8,0
2011,NA,"C",5,"10-20",1,0
2011,NA,"C",3,"2-5",1.2,1
2011,NA,"C",3,"2-5",1.4,1
2011,NA,"C",3,"2-5",1.5,0
2011,NA,"C",1,">20",0.2,0
2011,NA,"C",1,">20",0.4,0
2011,NA,"C",1,">20",0.6,5
2011,NA,"C",1,">20",0.8,1
2011,NA,"C",1,">20",1,1
2011,NA,"F",3,"2-5",1.2,0
2011,NA,"F",3,"2-5",1.4,0
2011,NA,"F",3,"2-5",1.5,0
2011,NA,"C",2,">20",0.2,0
2011,NA,"C",2,">20",0.4,0
2011,NA,"C",2,">20",0.6,2
2011,NA,"C",2,">20",0.8,1
2011,NA,"C",2,">20",1,1
2011,NA,"F",3,"2-5",1.2,3
2011,NA,"F",3,"2-5",1.4,0
2011,NA,"F",3,"2-5",1.5,0
2011,NA,"C",3,">20",0.2,0
2011,NA,"C",3,">20",0.4,0
2011,NA,"C",3,">20",0.6,0
2011,NA,"C",3,">20",0.8,0
2011,NA,"C",3,">20",1,0
2011,NA,"F",3,"2-5",1.2,0
2011,NA,"F",3,"2-5",1.4,0
2011,NA,"F",3,"2-5",1.5,0
2011,NA,"C",4,">20",0.2,0
2011,NA,"C",4,">20",0.4,0
2011,NA,"C",4,">20",0.6,0
2011,NA,"C",4,">20",0.8,0
2011,NA,"C",4,">20",1,0
2011,NA,"C",4,"2-5",1.2,0
2011,NA,"C",4,"2-5",1.4,1
2011,NA,"C",4,"2-5",1.5,1
2011,NA,"C",5,">20",0.2,0
2011,NA,"C",5,">20",0.4,0
2011,NA,"C",5,">20",0.6,0
2011,NA,"C",5,">20",0.8,0
2011,NA,"C",5,">20",1,0
2011,NA,"C",4,"2-5",1.2,1
2011,NA,"C",4,"2-5",1.4,1
2011,NA,"C",4,"2-5",1.5,3
2011,NA,"C",1,"2-5",0.2,8
2011,NA,"C",1,"2-5",0.4,18
2011,NA,"C",1,"2-5",0.6,11
2011,NA,"C",1,"2-5",0.8,6
2011,NA,"C",1,"2-5",1,2
2011,NA,"C",4,"2-5",1.2,0
2011,NA,"C",4,"2-5",1.4,0
2011,NA,"C",4,"2-5",1.5,0
2011,NA,"C",2,"2-5",0.2,3
2011,NA,"C",2,"2-5",0.4,6
2011,NA,"C",2,"2-5",0.6,2
2011,NA,"C",2,"2-5",0.8,1
2011,NA,"C",2,"2-5",1,1
2011,NA,"F",4,"2-5",1.2,0
2011,NA,"F",4,"2-5",1.4,3
2011,NA,"F",4,"2-5",1.5,0
2011,NA,"C",3,"2-5",0.2,10
2011,NA,"C",3,"2-5",0.4,6
2011,NA,"C",3,"2-5",0.6,5
2011,NA,"C",3,"2-5",0.8,3
2011,NA,"C",3,"2-5",1,1
2011,NA,"F",4,"2-5",1.2,1
2011,NA,"F",4,"2-5",1.4,1
2011,NA,"F",4,"2-5",1.5,0
2011,NA,"C",4,"2-5",0.2,1
2011,NA,"C",4,"2-5",0.4,2
2011,NA,"C",4,"2-5",0.6,2
2011,NA,"C",4,"2-5",0.8,0
2011,NA,"C",4,"2-5",1,2
2011,NA,"F",4,"2-5",1.2,0
2011,NA,"F",4,"2-5",1.4,0
2011,NA,"F",4,"2-5",1.5,0
2011,NA,"C",5,"2-5",0.2,3
2011,NA,"C",5,"2-5",0.4,6
2011,NA,"C",5,"2-5",0.6,6
2011,NA,"C",5,"2-5",0.8,3
2011,NA,"C",5,"2-5",1,0
2011,NA,"C",5,"2-5",1.2,0
2011,NA,"C",5,"2-5",1.4,0
2011,NA,"C",5,"2-5",1.5,0
2011,NA,"C",1,"5-10",0.2,0
2011,NA,"C",1,"5-10",0.4,3
2011,NA,"C",1,"5-10",0.6,2
2011,NA,"C",1,"5-10",0.8,3
2011,NA,"C",1,"5-10",1,1
2011,NA,"C",5,"2-5",1.2,0
2011,NA,"C",5,"2-5",1.4,0
2011,NA,"C",5,"2-5",1.5,0
2011,NA,"C",2,"5-10",0.2,1
2011,NA,"C",2,"5-10",0.4,3
2011,NA,"C",2,"5-10",0.6,1
2011,NA,"C",2,"5-10",0.8,1
2011,NA,"C",2,"5-10",1,0
2011,NA,"C",5,"2-5",1.2,0
2011,NA,"C",5,"2-5",1.4,3
2011,NA,"C",5,"2-5",1.5,0
2011,NA,"C",3,"5-10",0.2,1
2011,NA,"C",3,"5-10",0.4,3
2011,NA,"C",3,"5-10",0.6,4
2011,NA,"C",3,"5-10",0.8,0
2011,NA,"C",3,"5-10",1,0
2011,NA,"F",5,"2-5",1.2,1
2011,NA,"F",5,"2-5",1.4,1
2011,NA,"F",5,"2-5",1.5,0
2011,NA,"C",4,"5-10",0.2,0
2011,NA,"C",4,"5-10",0.4,0
2011,NA,"C",4,"5-10",0.6,0
2011,NA,"C",4,"5-10",0.8,0
2011,NA,"C",4,"5-10",1,0
2011,NA,"F",5,"2-5",1.2,1
2011,NA,"F",5,"2-5",1.4,0
2011,NA,"F",5,"2-5",1.5,0
2011,NA,"C",5,"5-10",0.2,0
2011,NA,"C",5,"5-10",0.4,0
2011,NA,"C",5,"5-10",0.6,0
2011,NA,"C",5,"5-10",0.8,0
2011,NA,"C",5,"5-10",1,0
2011,NA,"F",5,"2-5",1.2,0
2011,NA,"F",5,"2-5",1.4,0
2011,NA,"F",5,"2-5",1.5,1
2011,NA,"C",1,"10-20",0.2,1
2011,NA,"C",1,"10-20",0.4,5
2011,NA,"C",1,"10-20",0.6,3
2011,NA,"C",1,"10-20",0.8,2
2011,NA,"C",1,"10-20",1,0
2011,NA,"C",1,"5-10",1.2,1
2011,NA,"C",1,"5-10",1.4,1
2011,NA,"C",1,"5-10",1.5,2
2011,NA,"C",2,"10-20",0.2,0
2011,NA,"C",2,"10-20",0.4,1
2011,NA,"C",2,"10-20",0.6,1
2011,NA,"C",2,"10-20",0.8,0
2011,NA,"C",2,"10-20",1,0
2011,NA,"C",1,"5-10",1.2,0
2011,NA,"C",1,"5-10",1.4,0
2011,NA,"C",1,"5-10",1.5,0
2011,NA,"C",3,"10-20",0.2,0
2011,NA,"C",3,"10-20",0.4,0
2011,NA,"C",3,"10-20",0.6,0
2011,NA,"C",3,"10-20",0.8,0
2011,NA,"C",3,"10-20",1,0
2011,NA,"C",1,"5-10",1.2,2
2011,NA,"C",1,"5-10",1.4,0
2011,NA,"C",1,"5-10",1.5,0
2011,NA,"C",4,"10-20",0.2,0
2011,NA,"C",4,"10-20",0.4,0
2011,NA,"C",4,"10-20",0.6,0
2011,NA,"C",4,"10-20",0.8,0
2011,NA,"C",4,"10-20",1,1
2011,NA,"F",1,"5-10",1.2,3
2011,NA,"F",1,"5-10",1.4,1
2011,NA,"F",1,"5-10",1.5,1
2011,NA,"C",5,"10-20",0.2,0
2011,NA,"C",5,"10-20",0.4,0
2011,NA,"C",5,"10-20",0.6,0
2011,NA,"C",5,"10-20",0.8,0
2011,NA,"C",5,"10-20",1,0
2011,NA,"F",1,"5-10",1.2,0
2011,NA,"F",1,"5-10",1.4,3
2011,NA,"F",1,"5-10",1.5,2
2011,NA,"C",1,">20",0.2,1
2011,NA,"C",1,">20",0.4,2
2011,NA,"C",1,">20",0.6,0
2011,NA,"C",1,">20",0.8,1
2011,NA,"C",1,">20",1,0
2011,NA,"F",1,"5-10",1.2,1
2011,NA,"F",1,"5-10",1.4,2
2011,NA,"F",1,"5-10",1.5,0
2011,NA,"C",2,">20",0.2,0
2011,NA,"C",2,">20",0.4,0
2011,NA,"C",2,">20",0.6,0
2011,NA,"C",2,">20",0.8,0
2011,NA,"C",2,">20",1,0
2011,NA,"C",2,"5-10",1.2,0
2011,NA,"C",2,"5-10",1.4,1
2011,NA,"C",2,"5-10",1.5,1
2011,NA,"C",3,">20",0.2,0
2011,NA,"C",3,">20",0.4,0
2011,NA,"C",3,">20",0.6,1
2011,NA,"C",3,">20",0.8,0
2011,NA,"C",3,">20",1,0
2011,NA,"C",2,"5-10",1.2,0
2011,NA,"C",2,"5-10",1.4,0
2011,NA,"C",2,"5-10",1.5,0
2011,NA,"C",4,">20",0.2,0
2011,NA,"C",4,">20",0.4,0
2011,NA,"C",4,">20",0.6,0
2011,NA,"C",4,">20",0.8,0
2011,NA,"C",4,">20",1,0
2011,NA,"C",2,"5-10",1.2,0
2011,NA,"C",2,"5-10",1.4,0
2011,NA,"C",2,"5-10",1.5,0
2011,NA,"C",5,">20",0.2,0
2011,NA,"C",5,">20",0.4,0
2011,NA,"C",5,">20",0.6,0
2011,NA,"C",5,">20",0.8,0
2011,NA,"C",5,">20",1,0
2011,NA,"F",2,"5-10",1.2,0
2011,NA,"F",2,"5-10",1.4,0
2011,NA,"F",2,"5-10",1.5,1
2011,NA,"C",1,"2-5",0.2,10
2011,NA,"C",1,"2-5",0.4,10
2011,NA,"C",1,"2-5",0.6,12
2011,NA,"C",1,"2-5",0.8,4
2011,NA,"C",1,"2-5",1,4
2011,NA,"F",2,"5-10",1.2,0
2011,NA,"F",2,"5-10",1.4,1
2011,NA,"F",2,"5-10",1.5,0
2011,NA,"C",2,"2-5",0.2,12
2011,NA,"C",2,"2-5",0.4,10
2011,NA,"C",2,"2-5",0.6,7
2011,NA,"C",2,"2-5",0.8,1
2011,NA,"C",2,"2-5",1,1
2011,NA,"F",2,"5-10",1.2,0
2011,NA,"F",2,"5-10",1.4,0
2011,NA,"F",2,"5-10",1.5,0
2011,NA,"C",3,"2-5",0.2,12
2011,NA,"C",3,"2-5",0.4,13
2011,NA,"C",3,"2-5",0.6,3
2011,NA,"C",3,"2-5",0.8,1
2011,NA,"C",3,"2-5",1,2
2011,NA,"C",3,"5-10",1.2,0
2011,NA,"C",3,"5-10",1.4,0
2011,NA,"C",3,"5-10",1.5,0
2011,NA,"C",4,"2-5",0.2,4
2011,NA,"C",4,"2-5",0.4,0
2011,NA,"C",4,"2-5",0.6,4
2011,NA,"C",4,"2-5",0.8,0
2011,NA,"C",4,"2-5",1,1
2011,NA,"C",3,"5-10",1.2,0
2011,NA,"C",3,"5-10",1.4,0
2011,NA,"C",3,"5-10",1.5,0
2011,NA,"C",5,"2-5",0.2,1
2011,NA,"C",5,"2-5",0.4,7
2011,NA,"C",5,"2-5",0.6,5
2011,NA,"C",5,"2-5",0.8,0
2011,NA,"C",5,"2-5",1,0
2011,NA,"C",3,"5-10",1.2,0
2011,NA,"C",3,"5-10",1.4,0
2011,NA,"C",3,"5-10",1.5,0
2011,NA,"C",1,"5-10",0.2,0
2011,NA,"C",1,"5-10",0.4,2
2011,NA,"C",1,"5-10",0.6,2
2011,NA,"C",1,"5-10",0.8,1
2011,NA,"C",1,"5-10",1,2
2011,NA,"F",3,"5-10",1.2,0
2011,NA,"F",3,"5-10",1.4,0
2011,NA,"F",3,"5-10",1.5,0
2011,NA,"C",2,"5-10",0.2,2
2011,NA,"C",2,"5-10",0.4,3
2011,NA,"C",2,"5-10",0.6,0
2011,NA,"C",2,"5-10",0.8,0
2011,NA,"C",2,"5-10",1,0
2011,NA,"F",3,"5-10",1.2,0
2011,NA,"F",3,"5-10",1.4,1
2011,NA,"F",3,"5-10",1.5,1
2011,NA,"C",3,"5-10",0.2,1
2011,NA,"C",3,"5-10",0.4,2
2011,NA,"C",3,"5-10",0.6,0
2011,NA,"C",3,"5-10",0.8,0
2011,NA,"C",3,"5-10",1,0
2011,NA,"F",3,"5-10",1.2,0
2011,NA,"F",3,"5-10",1.4,0
2011,NA,"F",3,"5-10",1.5,0
2011,NA,"C",4,"5-10",0.2,1
2011,NA,"C",4,"5-10",0.4,1
2011,NA,"C",4,"5-10",0.6,1
2011,NA,"C",4,"5-10",0.8,1
2011,NA,"C",4,"5-10",1,1
2011,NA,"C",4,"5-10",1.2,0
2011,NA,"C",4,"5-10",1.4,0
2011,NA,"C",4,"5-10",1.5,0
2011,NA,"C",5,"5-10",0.2,0
2011,NA,"C",5,"5-10",0.4,1
2011,NA,"C",5,"5-10",0.6,0
2011,NA,"C",5,"5-10",0.8,0
2011,NA,"C",5,"5-10",1,0
2011,NA,"C",4,"5-10",1.2,0
2011,NA,"C",4,"5-10",1.4,0
2011,NA,"C",4,"5-10",1.5,0
2011,NA,"C",1,"10-20",0.2,0
2011,NA,"C",1,"10-20",0.4,2
2011,NA,"C",1,"10-20",0.6,1
2011,NA,"C",1,"10-20",0.8,2
2011,NA,"C",1,"10-20",1,0
2011,NA,"C",4,"5-10",1.2,1
2011,NA,"C",4,"5-10",1.4,0
2011,NA,"C",4,"5-10",1.5,0
2011,NA,"C",2,"10-20",0.2,0
2011,NA,"C",2,"10-20",0.4,0
2011,NA,"C",2,"10-20",0.6,0
2011,NA,"C",2,"10-20",0.8,0
2011,NA,"C",2,"10-20",1,0
2011,NA,"F",4,"5-10",1.2,0
2011,NA,"F",4,"5-10",1.4,0
2011,NA,"F",4,"5-10",1.5,0
2011,NA,"C",3,"10-20",0.2,0
2011,NA,"C",3,"10-20",0.4,0
2011,NA,"C",3,"10-20",0.6,0
2011,NA,"C",3,"10-20",0.8,0
2011,NA,"C",3,"10-20",1,0
2011,NA,"F",4,"5-10",1.2,0
2011,NA,"F",4,"5-10",1.4,1
2011,NA,"F",4,"5-10",1.5,0
2011,NA,"C",4,"10-20",0.2,0
2011,NA,"C",4,"10-20",0.4,1
2011,NA,"C",4,"10-20",0.6,0
2011,NA,"C",4,"10-20",0.8,0
2011,NA,"C",4,"10-20",1,0
2011,NA,"F",4,"5-10",1.2,0
2011,NA,"F",4,"5-10",1.4,0
2011,NA,"F",4,"5-10",1.5,0
2011,NA,"C",5,"10-20",0.2,0
2011,NA,"C",5,"10-20",0.4,2
2011,NA,"C",5,"10-20",0.6,0
2011,NA,"C",5,"10-20",0.8,0
2011,NA,"C",5,"10-20",1,0
2011,NA,"C",5,"5-10",1.2,0
2011,NA,"C",5,"5-10",1.4,0
2011,NA,"C",5,"5-10",1.5,0
2011,NA,"C",1,">20",0.2,0
2011,NA,"C",1,">20",0.4,0
2011,NA,"C",1,">20",0.6,1
2011,NA,"C",1,">20",0.8,0
2011,NA,"C",1,">20",1,0
2011,NA,"C",5,"5-10",1.2,0
2011,NA,"C",5,"5-10",1.4,0
2011,NA,"C",5,"5-10",1.5,0
2011,NA,"C",2,">20",0.2,0
2011,NA,"C",2,">20",0.4,0
2011,NA,"C",2,">20",0.6,0
2011,NA,"C",2,">20",0.8,0
2011,NA,"C",2,">20",1,1
2011,NA,"C",5,"5-10",1.2,0
2011,NA,"C",5,"5-10",1.4,2
2011,NA,"C",5,"5-10",1.5,0
2011,NA,"C",3,">20",0.2,0
2011,NA,"C",3,">20",0.4,0
2011,NA,"C",3,">20",0.6,0
2011,NA,"C",3,">20",0.8,0
2011,NA,"C",3,">20",1,0
2011,NA,"F",5,"5-10",1.2,0
2011,NA,"F",5,"5-10",1.4,0
2011,NA,"F",5,"5-10",1.5,0
2011,NA,"C",4,">20",0.2,0
2011,NA,"C",4,">20",0.4,0
2011,NA,"C",4,">20",0.6,1
2011,NA,"C",4,">20",0.8,0
2011,NA,"C",4,">20",1,0
2011,NA,"F",5,"5-10",1.2,0
2011,NA,"F",5,"5-10",1.4,0
2011,NA,"F",5,"5-10",1.5,0
2011,NA,"C",5,">20",0.2,0
2011,NA,"C",5,">20",0.4,0
2011,NA,"C",5,">20",0.6,0
2011,NA,"C",5,">20",0.8,0
2011,NA,"C",5,">20",1,0
2011,NA,"F",5,"5-10",1.2,0
2011,NA,"F",5,"5-10",1.4,0
2011,NA,"F",5,"5-10",1.5,0
2011,NA,"F",1,"2-5",0.2,6
2011,NA,"F",1,"2-5",0.4,13
2011,NA,"F",1,"2-5",0.6,8
2011,NA,"F",1,"2-5",0.8,7
2011,NA,"F",1,"2-5",1,4
2011,NA,"C",1,"10-20",1.2,0
2011,NA,"C",1,"10-20",1.4,1
2011,NA,"C",1,"10-20",1.5,0
2011,NA,"F",2,"2-5",0.2,2
2011,NA,"F",2,"2-5",0.4,11
2011,NA,"F",2,"2-5",0.6,7
2011,NA,"F",2,"2-5",0.8,5
2011,NA,"F",2,"2-5",1,3
2011,NA,"C",1,"10-20",1.2,1
2011,NA,"C",1,"10-20",1.4,0
2011,NA,"C",1,"10-20",1.5,0
2011,NA,"F",3,"2-5",0.2,0
2011,NA,"F",3,"2-5",0.4,10
2011,NA,"F",3,"2-5",0.6,6
2011,NA,"F",3,"2-5",0.8,0
2011,NA,"F",3,"2-5",1,0
2011,NA,"C",1,"10-20",1.2,0
2011,NA,"C",1,"10-20",1.4,0
2011,NA,"C",1,"10-20",1.5,0
2011,NA,"F",4,"2-5",0.2,1
2011,NA,"F",4,"2-5",0.4,6
2011,NA,"F",4,"2-5",0.6,5
2011,NA,"F",4,"2-5",0.8,1
2011,NA,"F",4,"2-5",1,4
2011,NA,"F",1,"10-20",1.2,2
2011,NA,"F",1,"10-20",1.4,0
2011,NA,"F",1,"10-20",1.5,0
2011,NA,"F",5,"2-5",0.2,7
2011,NA,"F",5,"2-5",0.4,8
2011,NA,"F",5,"2-5",0.6,1
2011,NA,"F",5,"2-5",0.8,3
2011,NA,"F",5,"2-5",1,2
2011,NA,"F",1,"10-20",1.2,2
2011,NA,"F",1,"10-20",1.4,1
2011,NA,"F",1,"10-20",1.5,1
2011,NA,"F",1,"5-10",0.2,0
2011,NA,"F",1,"5-10",0.4,2
2011,NA,"F",1,"5-10",0.6,5
2011,NA,"F",1,"5-10",0.8,3
2011,NA,"F",1,"5-10",1,0
2011,NA,"F",1,"10-20",1.2,0
2011,NA,"F",1,"10-20",1.4,0
2011,NA,"F",1,"10-20",1.5,0
2011,NA,"F",2,"5-10",0.2,0
2011,NA,"F",2,"5-10",0.4,2
2011,NA,"F",2,"5-10",0.6,3
2011,NA,"F",2,"5-10",0.8,0
2011,NA,"F",2,"5-10",1,0
2011,NA,"C",2,"10-20",1.2,0
2011,NA,"C",2,"10-20",1.4,0
2011,NA,"C",2,"10-20",1.5,0
2011,NA,"F",3,"5-10",0.2,0
2011,NA,"F",3,"5-10",0.4,1
2011,NA,"F",3,"5-10",0.6,0
2011,NA,"F",3,"5-10",0.8,1
2011,NA,"F",3,"5-10",1,0
2011,NA,"C",2,"10-20",1.2,0
2011,NA,"C",2,"10-20",1.4,0
2011,NA,"C",2,"10-20",1.5,0
2011,NA,"F",4,"5-10",0.2,0
2011,NA,"F",4,"5-10",0.4,0
2011,NA,"F",4,"5-10",0.6,2
2011,NA,"F",4,"5-10",0.8,1
2011,NA,"F",4,"5-10",1,0
2011,NA,"C",2,"10-20",1.2,1
2011,NA,"C",2,"10-20",1.4,0
2011,NA,"C",2,"10-20",1.5,0
2011,NA,"F",5,"5-10",0.2,0
2011,NA,"F",5,"5-10",0.4,0
2011,NA,"F",5,"5-10",0.6,0
2011,NA,"F",5,"5-10",0.8,0
2011,NA,"F",5,"5-10",1,1
2011,NA,"F",2,"10-20",1.2,0
2011,NA,"F",2,"10-20",1.4,0
2011,NA,"F",2,"10-20",1.5,0
2011,NA,"F",1,"10-20",0.2,0
2011,NA,"F",1,"10-20",0.4,3
2011,NA,"F",1,"10-20",0.6,0
2011,NA,"F",1,"10-20",0.8,0
2011,NA,"F",1,"10-20",1,0
2011,NA,"F",2,"10-20",1.2,0
2011,NA,"F",2,"10-20",1.4,0
2011,NA,"F",2,"10-20",1.5,0
2011,NA,"F",2,"10-20",0.2,0
2011,NA,"F",2,"10-20",0.4,0
2011,NA,"F",2,"10-20",0.6,1
2011,NA,"F",2,"10-20",0.8,0
2011,NA,"F",2,"10-20",1,0
2011,NA,"F",2,"10-20",1.2,0
2011,NA,"F",2,"10-20",1.4,0
2011,NA,"F",2,"10-20",1.5,0
2011,NA,"F",3,"10-20",0.2,0
2011,NA,"F",3,"10-20",0.4,0
2011,NA,"F",3,"10-20",0.6,0
2011,NA,"F",3,"10-20",0.8,0
2011,NA,"F",3,"10-20",1,0
2011,NA,"C",3,"10-20",1.2,0
2011,NA,"C",3,"10-20",1.4,0
2011,NA,"C",3,"10-20",1.5,0
2011,NA,"F",4,"10-20",0.2,0
2011,NA,"F",4,"10-20",0.4,0
2011,NA,"F",4,"10-20",0.6,1
2011,NA,"F",4,"10-20",0.8,0
2011,NA,"F",4,"10-20",1,0
2011,NA,"C",3,"10-20",1.2,0
2011,NA,"C",3,"10-20",1.4,0
2011,NA,"C",3,"10-20",1.5,0
2011,NA,"F",5,"10-20",0.2,0
2011,NA,"F",5,"10-20",0.4,0
2011,NA,"F",5,"10-20",0.6,0
2011,NA,"F",5,"10-20",0.8,0
2011,NA,"F",5,"10-20",1,0
2011,NA,"C",3,"10-20",1.2,0
2011,NA,"C",3,"10-20",1.4,0
2011,NA,"C",3,"10-20",1.5,0
2011,NA,"F",1,">20",0.2,1
2011,NA,"F",1,">20",0.4,1
2011,NA,"F",1,">20",0.6,0
2011,NA,"F",1,">20",0.8,0
2011,NA,"F",1,">20",1,0
2011,NA,"F",3,"10-20",1.2,0
2011,NA,"F",3,"10-20",1.4,0
2011,NA,"F",3,"10-20",1.5,0
2011,NA,"F",2,">20",0.2,0
2011,NA,"F",2,">20",0.4,1
2011,NA,"F",2,">20",0.6,1
2011,NA,"F",2,">20",0.8,0
2011,NA,"F",2,">20",1,0
2011,NA,"F",3,"10-20",1.2,0
2011,NA,"F",3,"10-20",1.4,0
2011,NA,"F",3,"10-20",1.5,0
2011,NA,"F",3,">20",0.2,0
2011,NA,"F",3,">20",0.4,2
2011,NA,"F",3,">20",0.6,0
2011,NA,"F",3,">20",0.8,0
2011,NA,"F",3,">20",1,0
2011,NA,"F",3,"10-20",1.2,0
2011,NA,"F",3,"10-20",1.4,0
2011,NA,"F",3,"10-20",1.5,0
2011,NA,"F",4,">20",0.2,0
2011,NA,"F",4,">20",0.4,0
2011,NA,"F",4,">20",0.6,0
2011,NA,"F",4,">20",0.8,0
2011,NA,"F",4,">20",1,0
2011,NA,"C",4,"10-20",1.2,0
2011,NA,"C",4,"10-20",1.4,1
2011,NA,"C",4,"10-20",1.5,0
2011,NA,"F",5,">20",0.2,0
2011,NA,"F",5,">20",0.4,0
2011,NA,"F",5,">20",0.6,0
2011,NA,"F",5,">20",0.8,0
2011,NA,"F",5,">20",1,0
2011,NA,"C",4,"10-20",1.2,0
2011,NA,"C",4,"10-20",1.4,0
2011,NA,"C",4,"10-20",1.5,0
2011,NA,"F",1,"2-5",0.2,5
2011,NA,"F",1,"2-5",0.4,6
2011,NA,"F",1,"2-5",0.6,9
2011,NA,"F",1,"2-5",0.8,4
2011,NA,"F",1,"2-5",1,1
2011,NA,"C",4,"10-20",1.2,0
2011,NA,"C",4,"10-20",1.4,0
2011,NA,"C",4,"10-20",1.5,0
2011,NA,"F",2,"2-5",0.2,15
2011,NA,"F",2,"2-5",0.4,15
2011,NA,"F",2,"2-5",0.6,6
2011,NA,"F",2,"2-5",0.8,5
2011,NA,"F",2,"2-5",1,3
2011,NA,"F",4,"10-20",1.2,0
2011,NA,"F",4,"10-20",1.4,0
2011,NA,"F",4,"10-20",1.5,0
2011,NA,"F",3,"2-5",0.2,6
2011,NA,"F",3,"2-5",0.4,8
2011,NA,"F",3,"2-5",0.6,4
2011,NA,"F",3,"2-5",0.8,6
2011,NA,"F",3,"2-5",1,5
2011,NA,"F",4,"10-20",1.2,1
2011,NA,"F",4,"10-20",1.4,0
2011,NA,"F",4,"10-20",1.5,0
2011,NA,"F",4,"2-5",0.2,9
2011,NA,"F",4,"2-5",0.4,13
2011,NA,"F",4,"2-5",0.6,1
2011,NA,"F",4,"2-5",0.8,2
2011,NA,"F",4,"2-5",1,1
2011,NA,"F",4,"10-20",1.2,0
2011,NA,"F",4,"10-20",1.4,0
2011,NA,"F",4,"10-20",1.5,0
2011,NA,"F",5,"2-5",0.2,5
2011,NA,"F",5,"2-5",0.4,12
2011,NA,"F",5,"2-5",0.6,2
2011,NA,"F",5,"2-5",0.8,2
2011,NA,"F",5,"2-5",1,1
2011,NA,"C",5,"10-20",1.2,0
2011,NA,"C",5,"10-20",1.4,0
2011,NA,"C",5,"10-20",1.5,0
2011,NA,"F",1,"5-10",0.2,0
2011,NA,"F",1,"5-10",0.4,2
2011,NA,"F",1,"5-10",0.6,3
2011,NA,"F",1,"5-10",0.8,3
2011,NA,"F",1,"5-10",1,0
2011,NA,"C",5,"10-20",1.2,0
2011,NA,"C",5,"10-20",1.4,0
2011,NA,"C",5,"10-20",1.5,0
2011,NA,"F",2,"5-10",0.2,0
2011,NA,"F",2,"5-10",0.4,2
2011,NA,"F",2,"5-10",0.6,3
2011,NA,"F",2,"5-10",0.8,1
2011,NA,"F",2,"5-10",1,3
2011,NA,"C",5,"10-20",1.2,0
2011,NA,"C",5,"10-20",1.4,0
2011,NA,"C",5,"10-20",1.5,0
2011,NA,"F",3,"5-10",0.2,0
2011,NA,"F",3,"5-10",0.4,1
2011,NA,"F",3,"5-10",0.6,2
2011,NA,"F",3,"5-10",0.8,1
2011,NA,"F",3,"5-10",1,0
2011,NA,"F",5,"10-20",1.2,0
2011,NA,"F",5,"10-20",1.4,0
2011,NA,"F",5,"10-20",1.5,0
2011,NA,"F",4,"5-10",0.2,2
2011,NA,"F",4,"5-10",0.4,2
2011,NA,"F",4,"5-10",0.6,1
2011,NA,"F",4,"5-10",0.8,3
2011,NA,"F",4,"5-10",1,0
2011,NA,"F",5,"10-20",1.2,0
2011,NA,"F",5,"10-20",1.4,0
2011,NA,"F",5,"10-20",1.5,0
2011,NA,"F",5,"5-10",0.2,0
2011,NA,"F",5,"5-10",0.4,2
2011,NA,"F",5,"5-10",0.6,0
2011,NA,"F",5,"5-10",0.8,0
2011,NA,"F",5,"5-10",1,0
2011,NA,"F",5,"10-20",1.2,0
2011,NA,"F",5,"10-20",1.4,0
2011,NA,"F",5,"10-20",1.5,0
2011,NA,"F",1,"10-20",0.2,0
2011,NA,"F",1,"10-20",0.4,0
2011,NA,"F",1,"10-20",0.6,2
2011,NA,"F",1,"10-20",0.8,2
2011,NA,"F",1,"10-20",1,3
2011,NA,"C",1,">20",1.2,0
2011,NA,"C",1,">20",1.4,0
2011,NA,"C",1,">20",1.5,0
2011,NA,"F",2,"10-20",0.2,0
2011,NA,"F",2,"10-20",0.4,4
2011,NA,"F",2,"10-20",0.6,1
2011,NA,"F",2,"10-20",0.8,0
2011,NA,"F",2,"10-20",1,0
2011,NA,"C",1,">20",1.2,0
2011,NA,"C",1,">20",1.4,0
2011,NA,"C",1,">20",1.5,0
2011,NA,"F",3,"10-20",0.2,0
2011,NA,"F",3,"10-20",0.4,0
2011,NA,"F",3,"10-20",0.6,1
2011,NA,"F",3,"10-20",0.8,1
2011,NA,"F",3,"10-20",1,0
2011,NA,"C",1,">20",1.2,0
2011,NA,"C",1,">20",1.4,0
2011,NA,"C",1,">20",1.5,0
2011,NA,"F",4,"10-20",0.2,2
2011,NA,"F",4,"10-20",0.4,1
2011,NA,"F",4,"10-20",0.6,0
2011,NA,"F",4,"10-20",0.8,0
2011,NA,"F",4,"10-20",1,0
2011,NA,"F",1,">20",1.2,0
2011,NA,"F",1,">20",1.4,0
2011,NA,"F",1,">20",1.5,0
2011,NA,"F",5,"10-20",0.2,0
2011,NA,"F",5,"10-20",0.4,0
2011,NA,"F",5,"10-20",0.6,0
2011,NA,"F",5,"10-20",0.8,0
2011,NA,"F",5,"10-20",1,0
2011,NA,"F",1,">20",1.2,0
2011,NA,"F",1,">20",1.4,0
2011,NA,"F",1,">20",1.5,0
2011,NA,"F",1,">20",0.2,0
2011,NA,"F",1,">20",0.4,1
2011,NA,"F",1,">20",0.6,2
2011,NA,"F",1,">20",0.8,1
2011,NA,"F",1,">20",1,1
2011,NA,"F",1,">20",1.2,0
2011,NA,"F",1,">20",1.4,0
2011,NA,"F",1,">20",1.5,0
2011,NA,"F",2,">20",0.2,0
2011,NA,"F",2,">20",0.4,0
2011,NA,"F",2,">20",0.6,0
2011,NA,"F",2,">20",0.8,0
2011,NA,"F",2,">20",1,0
2011,NA,"C",2,">20",1.2,1
2011,NA,"C",2,">20",1.4,1
2011,NA,"C",2,">20",1.5,0
2011,NA,"F",3,">20",0.2,0
2011,NA,"F",3,">20",0.4,0
2011,NA,"F",3,">20",0.6,0
2011,NA,"F",3,">20",0.8,1
2011,NA,"F",3,">20",1,0
2011,NA,"C",2,">20",1.2,0
2011,NA,"C",2,">20",1.4,0
2011,NA,"C",2,">20",1.5,0
2011,NA,"F",4,">20",0.2,0
2011,NA,"F",4,">20",0.4,0
2011,NA,"F",4,">20",0.6,0
2011,NA,"F",4,">20",0.8,0
2011,NA,"F",4,">20",1,0
2011,NA,"C",2,">20",1.2,0
2011,NA,"C",2,">20",1.4,0
2011,NA,"C",2,">20",1.5,0
2011,NA,"F",5,">20",0.2,0
2011,NA,"F",5,">20",0.4,0
2011,NA,"F",5,">20",0.6,0
2011,NA,"F",5,">20",0.8,0
2011,NA,"F",5,">20",1,0
2011,NA,"F",2,">20",1.2,0
2011,NA,"F",2,">20",1.4,0
2011,NA,"F",2,">20",1.5,0
2011,NA,"F",1,"2-5",0.2,4
2011,NA,"F",1,"2-5",0.4,8
2011,NA,"F",1,"2-5",0.6,14
2011,NA,"F",1,"2-5",0.8,12
2011,NA,"F",1,"2-5",1,2
2011,NA,"F",2,">20",1.2,0
2011,NA,"F",2,">20",1.4,0
2011,NA,"F",2,">20",1.5,0
2011,NA,"F",2,"2-5",0.2,14
2011,NA,"F",2,"2-5",0.4,12
2011,NA,"F",2,"2-5",0.6,6
2011,NA,"F",2,"2-5",0.8,3
2011,NA,"F",2,"2-5",1,4
2011,NA,"F",2,">20",1.2,0
2011,NA,"F",2,">20",1.4,0
2011,NA,"F",2,">20",1.5,0
2011,NA,"F",3,"2-5",0.2,12
2011,NA,"F",3,"2-5",0.4,8
2011,NA,"F",3,"2-5",0.6,4
2011,NA,"F",3,"2-5",0.8,2
2011,NA,"F",3,"2-5",1,1
2011,NA,"C",3,">20",1.2,0
2011,NA,"C",3,">20",1.4,0
2011,NA,"C",3,">20",1.5,0
2011,NA,"F",4,"2-5",0.2,12
2011,NA,"F",4,"2-5",0.4,11
2011,NA,"F",4,"2-5",0.6,6
2011,NA,"F",4,"2-5",0.8,2
2011,NA,"F",4,"2-5",1,1
2011,NA,"C",3,">20",1.2,0
2011,NA,"C",3,">20",1.4,0
2011,NA,"C",3,">20",1.5,0
2011,NA,"F",5,"2-5",0.2,8
2011,NA,"F",5,"2-5",0.4,1
2011,NA,"F",5,"2-5",0.6,2
2011,NA,"F",5,"2-5",0.8,1
2011,NA,"F",5,"2-5",1,1
2011,NA,"C",3,">20",1.2,0
2011,NA,"C",3,">20",1.4,0
2011,NA,"C",3,">20",1.5,0
2011,NA,"F",1,"5-10",0.2,1
2011,NA,"F",1,"5-10",0.4,1
2011,NA,"F",1,"5-10",0.6,1
2011,NA,"F",1,"5-10",0.8,1
2011,NA,"F",1,"5-10",1,0
2011,NA,"F",3,">20",1.2,0
2011,NA,"F",3,">20",1.4,0
2011,NA,"F",3,">20",1.5,0
2011,NA,"F",2,"5-10",0.2,1
2011,NA,"F",2,"5-10",0.4,6
2011,NA,"F",2,"5-10",0.6,0
2011,NA,"F",2,"5-10",0.8,2
2011,NA,"F",2,"5-10",1,2
2011,NA,"F",3,">20",1.2,0
2011,NA,"F",3,">20",1.4,0
2011,NA,"F",3,">20",1.5,0
2011,NA,"F",3,"5-10",0.2,3
2011,NA,"F",3,"5-10",0.4,2
2011,NA,"F",3,"5-10",0.6,0
2011,NA,"F",3,"5-10",0.8,0
2011,NA,"F",3,"5-10",1,0
2011,NA,"F",3,">20",1.2,0
2011,NA,"F",3,">20",1.4,0
2011,NA,"F",3,">20",1.5,0
2011,NA,"F",4,"5-10",0.2,2
2011,NA,"F",4,"5-10",0.4,1
2011,NA,"F",4,"5-10",0.6,0
2011,NA,"F",4,"5-10",0.8,1
2011,NA,"F",4,"5-10",1,0
2011,NA,"C",4,">20",1.2,0
2011,NA,"C",4,">20",1.4,0
2011,NA,"C",4,">20",1.5,0
2011,NA,"F",5,"5-10",0.2,0
2011,NA,"F",5,"5-10",0.4,2
2011,NA,"F",5,"5-10",0.6,0
2011,NA,"F",5,"5-10",0.8,0
2011,NA,"F",5,"5-10",1,0
2011,NA,"C",4,">20",1.2,0
2011,NA,"C",4,">20",1.4,0
2011,NA,"C",4,">20",1.5,0
2011,NA,"F",1,"10-20",0.2,0
2011,NA,"F",1,"10-20",0.4,1
2011,NA,"F",1,"10-20",0.6,6
2011,NA,"F",1,"10-20",0.8,4
2011,NA,"F",1,"10-20",1,3
2011,NA,"C",4,">20",1.2,0
2011,NA,"C",4,">20",1.4,0
2011,NA,"C",4,">20",1.5,0
2011,NA,"F",2,"10-20",0.2,0
2011,NA,"F",2,"10-20",0.4,0
2011,NA,"F",2,"10-20",0.6,0
2011,NA,"F",2,"10-20",0.8,3
2011,NA,"F",2,"10-20",1,1
2011,NA,"F",4,">20",1.2,0
2011,NA,"F",4,">20",1.4,0
2011,NA,"F",4,">20",1.5,0
2011,NA,"F",3,"10-20",0.2,0
2011,NA,"F",3,"10-20",0.4,4
2011,NA,"F",3,"10-20",0.6,0
2011,NA,"F",3,"10-20",0.8,1
2011,NA,"F",3,"10-20",1,0
2011,NA,"F",4,">20",1.2,0
2011,NA,"F",4,">20",1.4,0
2011,NA,"F",4,">20",1.5,0
2011,NA,"F",4,"10-20",0.2,1
2011,NA,"F",4,"10-20",0.4,4
2011,NA,"F",4,"10-20",0.6,1
2011,NA,"F",4,"10-20",0.8,0
2011,NA,"F",4,"10-20",1,0
2011,NA,"F",4,">20",1.2,0
2011,NA,"F",4,">20",1.4,0
2011,NA,"F",4,">20",1.5,0
2011,NA,"F",5,"10-20",0.2,1
2011,NA,"F",5,"10-20",0.4,0
2011,NA,"F",5,"10-20",0.6,0
2011,NA,"F",5,"10-20",0.8,0
2011,NA,"F",5,"10-20",1,0
2011,NA,"C",5,">20",1.2,0
2011,NA,"C",5,">20",1.4,0
2011,NA,"C",5,">20",1.5,0
2011,NA,"F",1,">20",0.2,1
2011,NA,"F",1,">20",0.4,0
2011,NA,"F",1,">20",0.6,1
2011,NA,"F",1,">20",0.8,0
2011,NA,"F",1,">20",1,0
2011,NA,"C",5,">20",1.2,0
2011,NA,"C",5,">20",1.4,0
2011,NA,"C",5,">20",1.5,0
2011,NA,"F",2,">20",0.2,1
2011,NA,"F",2,">20",0.4,1
2011,NA,"F",2,">20",0.6,1
2011,NA,"F",2,">20",0.8,0
2011,NA,"F",2,">20",1,0
2011,NA,"C",5,">20",1.2,0
2011,NA,"C",5,">20",1.4,0
2011,NA,"C",5,">20",1.5,0
2011,NA,"F",3,">20",0.2,0
2011,NA,"F",3,">20",0.4,0
2011,NA,"F",3,">20",0.6,0
2011,NA,"F",3,">20",0.8,0
2011,NA,"F",3,">20",1,0
2011,NA,"F",5,">20",1.2,0
2011,NA,"F",5,">20",1.4,0
2011,NA,"F",5,">20",1.5,0
2011,NA,"F",4,">20",0.2,0
2011,NA,"F",4,">20",0.4,0
2011,NA,"F",4,">20",0.6,0
2011,NA,"F",4,">20",0.8,0
2011,NA,"F",4,">20",1,0
2011,NA,"F",5,">20",1.2,0
2011,NA,"F",5,">20",1.4,0
2011,NA,"F",5,">20",1.5,0
2011,NA,"F",5,">20",0.2,0
2011,NA,"F",5,">20",0.4,0
2011,NA,"F",5,">20",0.6,0
2011,NA,"F",5,">20",0.8,0
2011,NA,"F",5,">20",1,0
2011,NA,"F",5,">20",1.2,0
2011,NA,"F",5,">20",1.4,0
2011,NA,"F",5,">20",1.5,0
